OTUID,X1,X2,X3,X4,X5,X6,X7,X8,X9,X10,X11,X12,X13,X14,X15,X16,X17,X18,X19,X20,X21,X22,X23,X24,X25,X26,X27,X28,X29,X30,X31,X32,X33,X34,X35,X36,X37,X38,X39,X40,X41,X42,X43,X44,X45,X46,X47,X48,X49,X50,X51,X52,X53,X54,X55,X56,X57,X58,X59,X60,X61,X62,X63,X64,X65,X66,X67,X68,X69,X70,X71,X72,X73,X74,X75,X76,X77,X78,X79,X80,X81,X82,X83,X84,X85,X86,X87,X88,X89,X90,X91,X92,X93,X94,X95,X96,X97,X98,X99,X100,X101,X102,X103,X104,X105,X106,X107,X108,X109,X110,X111,X112,X113,X114,X115,X116,X117,X118,X119,X120,X121,X122,X123,X124,X125,X126,X127,X128,X129,X130,X131,X132,X133,X134,X135,X136,X137,X138,X139,X140,X141,X142,X143,X144,X145,X146,X147,X148,X149,X150,X151,X152,X153,X154,X155,X156,X157,X158,X159,X160,X161,X162,X163,X164,X165,X166,X167,X168,X169,X170,X171,X172,X173,X174,X175,X176,X177,X178,X179,X180,X181,X182,X183,X184,X185,X186,X187,X188,X189,X190,X191,X192
570_T2,7.1107887,-1.190606613,-1.190606613,7.060573831,7.026465774,-1.190606613,-1.190606613,-1.190606613,-1.190606613,6.586970918,6.453439525,-1.190606613,-1.190606613,-1.190606613,-1.190606613,-1.190606613,-1.190606613,-1.190606613,-1.190606613,-1.190606613,5.87831955,-1.190606613,-1.190606613,-1.190606613,-1.190606613,-1.190606613,-1.190606613,-1.190606613,-1.190606613,-1.190606613,-1.190606613,-1.190606613,-1.190606613,-1.190606613,-1.190606613,-1.190606613,-1.190606613,-1.190606613,-1.190606613,5.606141665,5.230981906,-1.190606613,-1.190606613,-1.190606613,-1.190606613,-1.190606613,-1.190606613,-1.190606613,-1.190606613,-1.190606613,-1.190606613,-1.190606613,-1.190606613,5.6512621,-1.190606613,5.4864337,-1.190606613,5.850595002,-1.190606613,-1.190606613,-1.190606613,-1.190606613,-1.190606613,-1.190606613,-1.190606613,-1.190606613,-1.190606613,-1.190606613,-1.190606613,-1.190606613,-1.190606613,-1.190606613,5.771221415,-1.190606613,-1.190606613,-1.190606613,-1.190606613,-1.190606613,-1.190606613,5.024489988,-1.190606613,-1.190606613,-1.190606613,4.967871094,-1.190606613,-1.190606613,-1.190606613,-1.190606613,-1.190606613,-1.190606613,-1.190606613,-1.190606613,-1.190606613,-1.190606613,-1.190606613,-1.190606613,-1.190606613,-1.190606613,5.309875848,-1.190606613,-1.190606613,5.611256765,-1.190606613,-1.190606613,-1.190606613,5.49792808,5.740313877,-1.190606613,5.548077864,-1.190606613,-1.190606613,-1.190606613,-1.190606613,-1.190606613,-1.190606613,-1.190606613,5.771221415,-1.190606613,-1.190606613,-1.190606613,-1.190606613,-1.190606613,-1.190606613,-1.190606613,-1.190606613,-1.190606613,5.260395791,-1.190606613,-1.190606613,-1.190606613,5.601000265,5.00597094,-1.190606613,-1.190606613,5.43908758,-1.190606613,-1.190606613,-1.190606613,-1.190606613,-1.190606613,5.128932652,-1.190606613,-1.190606613,-1.190606613,-1.190606613,-1.190606613,-1.190606613,5.631459473,-1.190606613,-1.190606613,-1.190606613,-1.190606613,-1.190606613,-1.190606613,-1.190606613,-1.190606613,-1.190606613,-1.190606613,-1.190606613,4.358493797,-1.190606613,-1.190606613,-1.190606613,5.223491234,-1.190606613,4.623601547,-1.190606613,-1.190606613,-1.190606613,5.33035438,-1.190606613,-1.190606613,-1.190606613,-1.190606613,-1.190606613,-1.190606613,-1.190606613,4.958114919,-1.190606613,4.739861353,-1.190606613,-1.190606613,-1.190606613,-1.190606613,-1.190606613,-1.190606613,4.928261956,-1.190606613,4.702589958,-1.190606613,-1.190606613,-1.190606613
571_T2,5.817860863,5.80733445,5.377771791,5.535400735,5.665453863,5.478242321,4.869652528,5.284086306,4.935035288,5.455936563,5.310519564,5.256935317,4.254466889,4.659931997,4.436788446,-1.427705648,4.909392857,-1.427705648,-1.427705648,5.098186928,4.477610441,-1.427705648,6.266031009,-1.427705648,5.36960848,-1.427705648,-1.427705648,5.589467956,-1.427705648,-1.427705648,-1.427705648,-1.427705648,-1.427705648,5.150554914,-1.427705648,-1.427705648,-1.427705648,-1.427705648,4.896320775,5.6469918,-1.427705648,-1.427705648,-1.427705648,-1.427705648,4.535879349,-1.427705648,5.275117636,5.634491637,-1.427705648,-1.427705648,-1.427705648,-1.427705648,-1.427705648,5.868892343,-1.427705648,-1.427705648,5.764084466,-1.427705648,-1.427705648,5.160707285,-1.427705648,-1.427705648,-1.427705648,-1.427705648,5.817860863,-1.427705648,-1.427705648,-1.427705648,-1.427705648,-1.427705648,-1.427705648,5.812611507,-1.427705648,-1.427705648,-1.427705648,-1.427705648,-1.427705648,-1.427705648,-1.427705648,5.671532909,-1.427705648,-1.427705648,-1.427705648,-1.427705648,-1.427705648,5.292975254,-1.427705648,-1.427705648,-1.427705648,-1.427705648,-1.427705648,-1.427705648,-1.427705648,4.303257053,4.869652528,-1.427705648,-1.427705648,-1.427705648,-1.427705648,-1.427705648,-1.427705648,-1.427705648,-1.427705648,-1.427705648,-1.427705648,-1.427705648,-1.427705648,-1.427705648,-1.427705648,-1.427705648,-1.427705648,-1.427705648,-1.427705648,-1.427705648,-1.427705648,-1.427705648,4.896320775,-1.427705648,-1.427705648,-1.427705648,-1.427705648,-1.427705648,-1.427705648,-1.427705648,-1.427705648,-1.427705648,-1.427705648,-1.427705648,-1.427705648,-1.427705648,-1.427705648,-1.427705648,-1.427705648,4.883075549,-1.427705648,-1.427705648,-1.427705648,-1.427705648,-1.427705648,-1.427705648,-1.427705648,5.986122434,-1.427705648,-1.427705648,4.828267312,-1.427705648,-1.427705648,-1.427705648,-1.427705648,-1.427705648,-1.427705648,-1.427705648,-1.427705648,-1.427705648,-1.427705648,-1.427705648,-1.427705648,-1.427705648,-1.427705648,-1.427705648,-1.427705648,-1.427705648,-1.427705648,-1.427705648,-1.427705648,-1.427705648,-1.427705648,-1.427705648,-1.427705648,-1.427705648,-1.427705648,-1.427705648,-1.427705648,-1.427705648,-1.427705648,-1.427705648,-1.427705648,-1.427705648,-1.427705648,5.433121886,-1.427705648,-1.427705648,-1.427705648,-1.427705648,-1.427705648,-1.427705648,-1.427705648,-1.427705648,-1.427705648,-1.427705648,-1.427705648,-1.427705648
572_T2,3.781326472,4.139834597,4.237473066,4.009959515,4.045805647,4.207972402,4.249033889,3.808477461,3.995253368,3.772109816,3.167516033,3.060270503,3.060270503,3.002001595,3.217112974,3.484427744,3.133029857,3.060270503,2.616339114,-2.568099859,2.940126191,-2.568099859,-2.568099859,2.9611796,2.896641079,2.523965794,3.184323152,3.248861673,3.021804222,-2.568099859,-2.568099859,-2.568099859,-2.568099859,2.523965794,-2.568099859,3.279633331,-2.568099859,-2.568099859,3.459426442,-2.568099859,2.940126191,-2.568099859,-2.568099859,3.834910718,2.555714492,3.279633331,-2.568099859,-2.568099859,-2.568099859,3.685098439,3.041222308,3.097311775,3.808477461,-2.568099859,2.753540235,-2.568099859,3.233113316,-2.568099859,4.310334414,-2.568099859,2.727564749,3.446687416,3.279633331,3.233113316,2.457274419,-2.568099859,2.491175971,3.995253368,-2.568099859,-2.568099859,-2.568099859,4.093924895,2.616339114,3.472005224,3.893999634,2.491175971,2.727564749,3.078962636,-2.568099859,-2.568099859,3.184323152,-2.568099859,3.324085094,-2.568099859,2.616339114,2.645326651,3.352658466,-2.568099859,3.133029857,-2.568099859,-2.568099859,-2.568099859,-2.568099859,2.918619986,3.11533028,-2.568099859,-2.568099859,-2.568099859,-2.568099859,-2.568099859,3.338473831,-2.568099859,-2.568099859,-2.568099859,3.1504216,-2.568099859,-2.568099859,3.097311775,-2.568099859,-2.568099859,4.277364395,3.233113316,-2.568099859,-2.568099859,-2.568099859,3.643855481,-2.568099859,-2.568099859,-2.568099859,2.981798887,-2.568099859,-2.568099859,3.980327718,-2.568099859,-2.568099859,-2.568099859,-2.568099859,4.002633475,-2.568099859,-2.568099859,-2.568099859,-2.568099859,-2.568099859,-2.568099859,3.772109816,-2.568099859,-2.568099859,4.441836723,-2.568099859,-2.568099859,4.669708415,-2.568099859,-2.568099859,-2.568099859,-2.568099859,-2.568099859,3.685098439,-2.568099859,-2.568099859,-2.568099859,-2.568099859,3.893999634,-2.568099859,-2.568099859,-2.568099859,-2.568099859,3.508819197,-2.568099859,-2.568099859,-2.568099859,-2.568099859,-2.568099859,-2.568099859,-2.568099859,-2.568099859,-2.568099859,-2.568099859,-2.568099859,3.949790994,-2.568099859,4.288475621,3.578614959,2.727564749,-2.568099859,-2.568099859,-2.568099859,-2.568099859,3.860663214,-2.568099859,-2.568099859,-2.568099859,-2.568099859,-2.568099859,-2.568099859,2.918619986,-2.568099859,-2.568099859,-2.568099859,-2.568099859,-2.568099859,-2.568099859,-2.568099859
573_T2,4.301329037,4.251936282,3.732636031,3.987882827,4.025623155,4.111752309,3.546050075,3.659073464,3.546050075,3.801155977,3.75368944,3.537466331,3.554560765,3.408848954,3.368843619,2.942759224,3.114609481,3.316475634,3.305664717,3.283685811,3.190595388,4.009622814,4.332952225,3.087941234,3.502375012,3.484356506,3.046556017,-2.642098259,2.472755594,3.127681562,3.101364254,-2.642098259,-2.642098259,2.927010867,-2.642098259,2.973530882,-2.642098259,-2.642098259,-2.642098259,2.367395079,3.165902775,-2.642098259,4.101996134,3.046556017,-2.642098259,-2.642098259,-2.642098259,3.90784012,2.472755594,2.59053863,2.612517537,2.735119859,-2.642098259,-2.642098259,3.348224332,3.087941234,3.408848954,3.982373172,2.394794053,4.082193507,2.695899146,-2.642098259,2.809227831,3.493406342,-2.642098259,-2.642098259,-2.642098259,-2.642098259,4.208826158,-2.642098259,4.020318103,3.998811898,2.447437787,2.568065774,-2.642098259,3.327170923,-2.642098259,3.127681562,-2.642098259,3.840121946,2.973530882,-2.642098259,3.127681562,-2.642098259,-2.642098259,3.725518563,3.294735647,-2.642098259,2.367395079,2.447437787,-2.642098259,-2.642098259,-2.642098259,-2.642098259,-2.642098259,3.948662114,-2.642098259,2.894750005,2.95826341,3.348224332,-2.642098259,-2.642098259,-2.642098259,3.94293144,2.675696438,-2.642098259,-2.642098259,-2.642098259,-2.642098259,-2.642098259,-2.642098259,-2.642098259,2.249612043,2.927010867,-2.642098259,-2.642098259,-2.642098259,-2.642098259,-2.642098259,-2.642098259,-2.642098259,-2.642098259,-2.642098259,-2.642098259,2.545076256,-2.642098259,2.15117197,2.568065774,-2.642098259,2.217863345,-2.642098259,-2.642098259,3.337753032,-2.642098259,-2.642098259,-2.642098259,-2.642098259,-2.642098259,-2.642098259,-2.642098259,-2.642098259,-2.642098259,4.036149568,-2.642098259,-2.642098259,-2.642098259,3.781088414,-2.642098259,-2.642098259,3.596060496,-2.642098259,-2.642098259,-2.642098259,-2.642098259,-2.642098259,-2.642098259,-2.642098259,-2.642098259,-2.642098259,-2.642098259,-2.642098259,-2.642098259,-2.642098259,-2.642098259,-2.642098259,-2.642098259,-2.642098259,-2.642098259,-2.642098259,-2.642098259,2.735119859,2.735119859,2.59053863,3.466007368,-2.642098259,-2.642098259,2.754168054,-2.642098259,-2.642098259,-2.642098259,-2.642098259,-2.642098259,-2.642098259,-2.642098259,-2.642098259,-2.642098259,-2.642098259,-2.642098259,-2.642098259,-2.642098259,-2.642098259,3.017982645
574_T2,3.954115435,3.83795446,3.310239303,3.467524782,3.687847457,3.555122841,2.649527399,3.133397212,2.56637703,3.244967913,3.076045916,2.783723464,2.680943595,2.554748992,2.542984151,2.303434564,1.987796414,2.554748992,2.906146879,2.303434564,2.361845326,2.660109508,2.450038038,2.842431065,2.249367343,2.617092123,2.396692058,1.987796414,2.018255622,2.318360214,2.325740322,-3.329202647,2.257272522,2.008205286,1.878993554,2.542984151,-3.329202647,2.622571589,-3.329202647,2.295887358,2.73120543,2.067045786,2.175259371,2.241399173,1.912895106,2.462941443,2.07652453,1.689751555,2.51903091,2.42372073,2.354727858,2.583569431,2.104433318,1.855736692,1.80753459,2.200577179,2.047814424,2.257272522,1.987796414,2.654832451,1.987796414,2.783723464,-3.329202647,2.417031742,2.047814424,1.831926044,2.104433318,1.956380218,-3.329202647,2.469331241,1.730573549,-3.329202647,-3.329202647,2.131584307,0.93944596,2.018255622,-3.329202647,2.368912493,2.962161521,-3.329202647,2.368912493,2.617092123,-3.329202647,2.208875981,2.140473255,-3.329202647,-3.329202647,2.665358864,1.5239593,-3.329202647,2.140473255,1.855736692,2.721353133,-3.329202647,-3.329202647,2.389819178,-3.329202647,1.867432732,2.456510553,-3.329202647,1.855736692,2.417031742,1.730573549,-3.329202647,-3.329202647,1.855736692,1.661580678,2.067045786,-3.329202647,-3.329202647,-3.329202647,-3.329202647,2.07652453,-3.329202647,-3.329202647,-3.329202647,1.782533288,2.764943569,2.686084994,-3.329202647,-3.329202647,-3.329202647,-3.329202647,-3.329202647,1.717150529,-3.329202647,2.018255622,-3.329202647,-3.329202647,1.344911069,3.076045916,1.174285552,-3.329202647,-3.329202647,-3.329202647,1.602740178,-3.329202647,-3.329202647,-3.329202647,-3.329202647,-3.329202647,-3.329202647,-3.329202647,-3.329202647,1.571968519,-3.329202647,-3.329202647,-3.329202647,-3.329202647,1.661580678,-3.329202647,-3.329202647,-3.329202647,-3.329202647,-3.329202647,2.149283884,-3.329202647,-3.329202647,-3.329202647,-3.329202647,-3.329202647,1.420418621,-3.329202647,1.10196489,-3.329202647,-3.329202647,-3.329202647,-3.329202647,3.058532333,-3.329202647,2.028205953,-3.329202647,-3.329202647,-3.329202647,1.987796414,-3.329202647,1.717150529,-3.329202647,-3.329202647,-3.329202647,1.819804683,-3.329202647,1.819804683,-3.329202647,-3.329202647,2.885356109,-3.329202647,2.333066362,-3.329202647,1.717150529,-3.329202647,0.780381266
575_T2,4.377897932,4.387317154,3.994274566,4.02616793,3.970854292,4.0870563,3.478808563,3.766490635,3.494193482,3.778051458,3.560638581,3.282435253,3.33749503,3.234116675,3.073343455,2.867491401,3.084904277,2.793383428,3.381170093,3.494193482,3.310344041,3.140784736,-2.656132707,2.96280158,3.662421275,2.867491401,2.895662278,3.64943408,2.46914376,2.696533602,2.696533602,-2.656132707,2.626329344,3.037836766,2.46914376,3.151595652,-2.656132707,3.272956509,3.718862586,-2.656132707,2.936484272,2.895662278,2.867491401,-2.656132707,3.668852166,3.581840789,3.253725147,-2.656132707,2.46914376,-2.656132707,2.550821791,2.949729499,2.679439169,-2.656132707,-2.656132707,2.936484272,3.455278065,-2.656132707,3.37258635,-2.656132707,-2.656132707,-2.656132707,-2.656132707,-2.656132707,3.282435253,4.132424905,2.762130885,3.243968972,-2.656132707,-2.656132707,2.17434422,-2.656132707,-2.656132707,3.129855665,-2.656132707,-2.656132707,-2.656132707,-2.656132707,-2.656132707,-2.656132707,3.560638581,4.048341787,3.129855665,3.984972174,2.589288072,3.423017203,-2.656132707,3.795145891,2.403185792,-2.656132707,2.729870023,3.025715406,4.232124265,3.282435253,3.381170093,3.33749503,3.588809458,-2.656132707,-2.656132707,-2.656132707,3.193707137,-2.656132707,3.718862586,3.363928287,-2.656132707,-2.656132707,-2.656132707,-2.656132707,-2.656132707,-2.656132707,-2.656132707,2.808650901,-2.656132707,-2.656132707,-2.656132707,3.355194607,-2.656132707,-2.656132707,-2.656132707,-2.656132707,-2.656132707,2.510816457,-2.656132707,-2.656132707,-2.656132707,-2.656132707,-2.656132707,3.754794596,-2.656132707,-2.656132707,3.073343455,-2.656132707,-2.656132707,-2.656132707,-2.656132707,-2.656132707,-2.656132707,-2.656132707,-2.656132707,3.151595652,-2.656132707,-2.656132707,-2.656132707,-2.656132707,-2.656132707,-2.656132707,-2.656132707,-2.656132707,3.17287305,-2.656132707,-2.656132707,-2.656132707,-2.656132707,-2.656132707,-2.656132707,-2.656132707,-2.656132707,-2.656132707,-2.656132707,3.778051458,-2.656132707,-2.656132707,-2.656132707,-2.656132707,2.746130544,-2.656132707,-2.656132707,-2.656132707,-2.656132707,-2.656132707,-2.656132707,-2.656132707,-2.656132707,-2.656132707,-2.656132707,-2.656132707,-2.656132707,3.581840789,-2.656132707,-2.656132707,-2.656132707,4.358789071,-2.656132707,3.282435253,-2.656132707,-2.656132707,-2.656132707,-2.656132707,-2.656132707,2.746130544,-2.656132707,-2.656132707
576_T2,4.147578054,3.893662844,3.745138667,3.883191544,4.018366322,3.845653625,3.431958018,3.616343559,3.367970309,3.792345071,3.559791389,2.312468144,2.325046926,2.286825713,2.086155018,2.086155018,1.986071559,2.020557735,2.51773127,3.090514768,2.52798777,2.558140808,-3.182932068,2.40892841,1.553938204,2.643500657,2.177126796,2.053894156,1.986071559,2.973458213,2.037364854,2.191515533,2.191515533,2.738810837,3.431958018,2.21968641,3.174128908,-3.182932068,-3.182932068,2.361860899,2.312468144,-3.182932068,-3.182932068,2.818217615,-3.182932068,1.968371982,-3.182932068,2.162527997,1.834840589,-3.182932068,1.68068991,1.771661688,2.21968641,2.40892841,1.606581938,3.168766965,2.795050555,2.21968641,2.020557735,1.344217673,2.349739539,-3.182932068,-3.182932068,2.132675033,-3.182932068,3.537731671,-3.182932068,-3.182932068,-3.182932068,1.89426401,-3.182932068,1.656592358,2.101903375,2.979972894,-3.182932068,2.086155018,-3.182932068,-3.182932068,2.21968641,-3.182932068,2.003463302,-3.182932068,2.233479733,-3.182932068,-3.182932068,0.938752565,2.898847349,-3.182932068,2.003463302,2.486315074,-3.182932068,-3.182932068,1.874845924,-3.182932068,-3.182932068,-3.182932068,3.367970309,2.855675177,2.312468144,-3.182932068,-3.182932068,2.361860899,2.68795242,1.771661688,1.161896116,2.070154676,2.191515533,2.037364854,2.053894156,3.090514768,3.096311886,-3.182932068,2.337469446,1.580606451,-3.182932068,-3.182932068,2.260508405,-3.182932068,-3.182932068,-3.182932068,-3.182932068,2.898847349,-3.182932068,-3.182932068,1.631899745,-3.182932068,2.053894156,-3.182932068,-3.182932068,1.855043297,-3.182932068,1.855043297,-3.182932068,2.548190477,1.874845924,-3.182932068,-3.182932068,-3.182932068,1.749682781,-3.182932068,-3.182932068,-3.182932068,-3.182932068,-3.182932068,1.968371982,-3.182932068,-3.182932068,1.631899745,1.834840589,2.486315074,-3.182932068,-3.182932068,-3.182932068,-3.182932068,-3.182932068,-3.182932068,-3.182932068,-3.182932068,-3.182932068,-3.182932068,2.475619785,-3.182932068,3.078818728,1.968371982,-3.182932068,-3.182932068,-3.182932068,-3.182932068,-3.182932068,1.950353477,-3.182932068,2.205700168,2.464808868,2.101903375,1.704220407,-3.182932068,-3.182932068,1.950353477,-3.182932068,-3.182932068,1.344217673,-3.182932068,1.968371982,-3.182932068,-3.182932068,2.596980642,-3.182932068,1.469380816,-3.182932068,-3.182932068,-3.182932068,1.121074122
577_T2,5.391280754,5.487295408,5.421817478,5.999528491,5.231948716,5.724425201,5.053256927,5.1265882,5.116435829,5.146588867,5.085345242,6.255053452,-1.578472549,-1.578472549,5.568420952,-1.578472549,-1.578472549,-1.578472549,-1.578472549,4.16905451,4.315657984,-1.578472549,-1.578472549,-1.578472549,3.527200623,-1.578472549,-1.578472549,-1.578472549,-1.578472549,4.142386263,-1.578472549,-1.578472549,-1.578472549,4.057828875,-1.578472549,-1.578472549,5.684759944,-1.578472549,4.70585562,5.095816541,-1.578472549,-1.578472549,-1.578472549,4.142386263,5.1854287,6.144596456,-1.578472549,4.027975911,-1.578472549,-1.578472549,-1.578472549,-1.578472549,-1.578472549,-1.578472549,-1.578472549,-1.578472549,5.335489395,-1.578472549,-1.578472549,5.594063383,-1.578472549,-1.578472549,5.343652705,-1.578472549,-1.578472549,-1.578472549,-1.578472549,-1.578472549,-1.578472549,-1.578472549,-1.578472549,-1.578472549,-1.578472549,4.360109746,-1.578472549,-1.578472549,-1.578472549,-1.578472549,-1.578472549,-1.578472549,4.360109746,-1.578472549,-1.578472549,-1.578472549,-1.578472549,4.70585562,-1.578472549,-1.578472549,-1.578472549,3.86367286,-1.578472549,-1.578472549,-1.578472549,4.779963592,4.848956463,-1.578472549,-1.578472549,5.391280754,4.482712069,-1.578472549,-1.578472549,-1.578472549,-1.578472549,-1.578472549,-1.578472549,-1.578472549,-1.578472549,-1.578472549,-1.578472549,-1.578472549,-1.578472549,4.443491355,4.482712069,-1.578472549,-1.578472549,-1.578472549,-1.578472549,-1.578472549,-1.578472549,-1.578472549,-1.578472549,-1.578472549,-1.578472549,-1.578472549,5.375655436,-1.578472549,4.381615952,-1.578472549,-1.578472549,-1.578472549,-1.578472549,4.985815646,-1.578472549,-1.578472549,5.587714155,-1.578472549,-1.578472549,-1.578472549,4.195029996,-1.578472549,-1.578472549,-1.578472549,-1.578472549,-1.578472549,4.245040417,-1.578472549,-1.578472549,-1.578472549,-1.578472549,-1.578472549,-1.578472549,-1.578472549,-1.578472549,-1.578472549,-1.578472549,-1.578472549,-1.578472549,-1.578472549,-1.578472549,-1.578472549,-1.578472549,-1.578472549,-1.578472549,-1.578472549,-1.578472549,-1.578472549,-1.578472549,-1.578472549,-1.578472549,-1.578472549,-1.578472549,-1.578472549,-1.578472549,3.997204253,-1.578472549,-1.578472549,-1.578472549,4.16905451,-1.578472549,-1.578472549,-1.578472549,-1.578472549,4.142386263,-1.578472549,-1.578472549,-1.578472549,-1.578472549,-1.578472549,-1.578472549,-1.578472549,-1.578472549,-1.578472549
578_T2,5.148919412,5.196596835,4.823006935,4.811172478,4.650053129,4.694504891,4.457893123,4.507490064,4.523490405,4.607189424,4.607189424,3.694541684,3.773184811,3.471398132,3.676192545,3.493870988,3.137196044,3.738993446,3.846091582,-2.31159181,-2.31159181,3.471398132,4.457893123,3.388510472,4.208997075,3.998007624,3.36350917,-2.31159181,3.324794658,-2.31159181,3.568772296,-2.31159181,3.298126411,3.928535251,4.267060876,-2.31159181,3.482697687,-2.31159181,4.037486435,3.213569023,-2.31159181,-2.31159181,-2.31159181,-2.31159181,3.93570374,-2.31159181,3.558409509,-2.31159181,3.054504328,-2.31159181,2.945305036,-2.31159181,-2.31159181,-2.31159181,-2.31159181,-2.31159181,4.135724874,2.707633384,2.800723807,2.778250952,-2.31159181,4.135724874,-2.31159181,-2.31159181,-2.31159181,-2.31159181,-2.31159181,-2.31159181,-2.31159181,-2.31159181,-2.31159181,4.33639557,-2.31159181,-2.31159181,2.865262329,4.123960033,-2.31159181,-2.31159181,-2.31159181,-2.31159181,3.666890152,-2.31159181,-2.31159181,-2.31159181,2.549409379,3.448408614,-2.31159181,-2.31159181,4.219807991,-2.31159181,-2.31159181,3.956905948,-2.31159181,3.579028796,3.638452217,3.412901926,-2.31159181,-2.31159181,3.648021668,-2.31159181,-2.31159181,4.135724874,-2.31159181,3.526660811,-2.31159181,-2.31159181,-2.31159181,4.017941839,3.869258641,-2.31159181,-2.31159181,3.436712574,-2.31159181,-2.31159181,-2.31159181,-2.31159181,-2.31159181,-2.31159181,3.037112586,-2.31159181,-2.31159181,3.18371606,-2.31159181,-2.31159181,-2.31159181,-2.31159181,-2.31159181,-2.31159181,-2.31159181,-2.31159181,-2.31159181,-2.31159181,-2.31159181,-2.31159181,-2.31159181,-2.31159181,-2.31159181,-2.31159181,2.682940772,-2.31159181,-2.31159181,-2.31159181,-2.31159181,-2.31159181,-2.31159181,-2.31159181,-2.31159181,-2.31159181,-2.31159181,-2.31159181,-2.31159181,-2.31159181,-2.31159181,-2.31159181,-2.31159181,3.448408614,-2.31159181,-2.31159181,-2.31159181,-2.31159181,4.192558349,-2.31159181,-2.31159181,3.400780565,-2.31159181,-2.31159181,-2.31159181,2.844208919,-2.31159181,-2.31159181,2.945305036,-2.31159181,2.822702714,2.60497923,3.270727437,-2.31159181,3.037112586,-2.31159181,-2.31159181,-2.31159181,3.037112586,-2.31159181,-2.31159181,-2.31159181,-2.31159181,4.129859755,-2.31159181,2.778250952,-2.31159181,-2.31159181,-2.31159181,-2.31159181
580_T2,3.445879962,3.85134507,3.299276487,3.299276487,-2.00327077,3.650674374,-2.00327077,-2.00327077,2.919786866,3.158197889,-2.00327077,4.797488765,3.650674374,4.343821555,4.315650678,-2.00327077,3.836077598,-2.00327077,-2.00327077,4.892798944,4.60333275,4.588944013,-2.00327077,-2.00327077,-2.00327077,4.423864262,-2.00327077,4.246657806,-2.00327077,-2.00327077,-2.00327077,5.687556301,3.612934046,-2.00327077,3.532891339,-2.00327077,5.150628054,4.150326697,4.473874683,-2.00327077,4.705115445,-2.00327077,5.150628054,-2.00327077,4.306081227,4.092507126,4.161499998,-2.00327077,-2.00327077,3.788824713,4.892798944,-2.00327077,4.116037624,3.59351596,-2.00327077,-2.00327077,4.092507126,4.127598446,4.343821555,-2.00327077,-2.00327077,4.215567219,-2.00327077,4.791589043,-2.00327077,-2.00327077,-2.00327077,4.481971893,-2.00327077,4.043716962,-2.00327077,-2.00327077,4.080530935,-2.00327077,-2.00327077,4.35303821,-2.00327077,-2.00327077,-2.00327077,5.183151245,5.214649913,-2.00327077,4.183478905,-2.00327077,-2.00327077,4.306081227,-2.00327077,-2.00327077,-2.00327077,-2.00327077,3.739227772,-2.00327077,-2.00327077,4.161499998,3.687042018,4.343821555,-2.00327077,-2.00327077,-2.00327077,-2.00327077,3.399359946,3.445879962,-2.00327077,-2.00327077,-2.00327077,3.836077598,3.820573411,-2.00327077,-2.00327077,-2.00327077,-2.00327077,3.490331724,-2.00327077,-2.00327077,-2.00327077,-2.00327077,4.127598446,5.129750469,4.949957358,-2.00327077,-2.00327077,-2.00327077,-2.00327077,-2.00327077,-2.00327077,4.974896307,-2.00327077,-2.00327077,-2.00327077,-2.00327077,-2.00327077,-2.00327077,-2.00327077,-2.00327077,-2.00327077,-2.00327077,-2.00327077,-2.00327077,-2.00327077,-2.00327077,-2.00327077,-2.00327077,-2.00327077,-2.00327077,-2.00327077,-2.00327077,-2.00327077,-2.00327077,3.028986158,-2.00327077,-2.00327077,-2.00327077,-2.00327077,-2.00327077,-2.00327077,-2.00327077,-2.00327077,-2.00327077,4.755440528,-2.00327077,-2.00327077,4.767635802,-2.00327077,4.610450218,-2.00327077,-2.00327077,-2.00327077,-2.00327077,-2.00327077,-2.00327077,-2.00327077,-2.00327077,-2.00327077,-2.00327077,-2.00327077,-2.00327077,-2.00327077,-2.00327077,-2.00327077,-2.00327077,-2.00327077,-2.00327077,-2.00327077,-2.00327077,-2.00327077,-2.00327077,-2.00327077,-2.00327077,-2.00327077,-2.00327077,-2.00327077,-2.00327077
581_T2,4.691787191,5.064462476,4.754307548,4.921361633,-1.207627805,4.868717899,4.813148048,4.971372053,4.515896525,4.691787191,-1.207627805,-1.207627805,-1.207627805,-1.207627805,6.053590532,-1.207627805,-1.207627805,5.872920503,-1.207627805,-1.207627805,-1.207627805,-1.207627805,-1.207627805,-1.207627805,-1.207627805,-1.207627805,-1.207627805,-1.207627805,-1.207627805,-1.207627805,-1.207627805,-1.207627805,-1.207627805,-1.207627805,-1.207627805,-1.207627805,-1.207627805,-1.207627805,6.275079823,-1.207627805,-1.207627805,-1.207627805,-1.207627805,-1.207627805,6.125334437,5.842767465,-1.207627805,5.041989621,-1.207627805,-1.207627805,-1.207627805,-1.207627805,-1.207627805,6.19227392,-1.207627805,-1.207627805,-1.207627805,-1.207627805,-1.207627805,-1.207627805,-1.207627805,-1.207627805,5.169822992,-1.207627805,-1.207627805,-1.207627805,6.281680507,-1.207627805,-1.207627805,-1.207627805,-1.207627805,5.400934713,-1.207627805,-1.207627805,-1.207627805,-1.207627805,-1.207627805,-1.207627805,-1.207627805,6.185053672,-1.207627805,5.652249141,-1.207627805,-1.207627805,-1.207627805,6.028484611,-1.207627805,-1.207627805,-1.207627805,5.652249141,6.660477368,-1.207627805,5.712147283,6.078081552,6.078081552,-1.207627805,-1.207627805,6.433949719,-1.207627805,-1.207627805,-1.207627805,-1.207627805,-1.207627805,-1.207627805,-1.207627805,-1.207627805,4.995469605,-1.207627805,5.930628821,-1.207627805,-1.207627805,5.967330188,-1.207627805,-1.207627805,-1.207627805,-1.207627805,-1.207627805,-1.207627805,-1.207627805,-1.207627805,-1.207627805,-1.207627805,-1.207627805,-1.207627805,-1.207627805,-1.207627805,-1.207627805,-1.207627805,-1.207627805,-1.207627805,-1.207627805,-1.207627805,-1.207627805,-1.207627805,-1.207627805,-1.207627805,-1.207627805,-1.207627805,6.019973921,-1.207627805,-1.207627805,-1.207627805,-1.207627805,-1.207627805,-1.207627805,-1.207627805,-1.207627805,-1.207627805,-1.207627805,-1.207627805,-1.207627805,-1.207627805,-1.207627805,-1.207627805,-1.207627805,-1.207627805,-1.207627805,-1.207627805,-1.207627805,-1.207627805,-1.207627805,6.234533729,-1.207627805,-1.207627805,-1.207627805,-1.207627805,-1.207627805,-1.207627805,-1.207627805,-1.207627805,-1.207627805,-1.207627805,-1.207627805,5.627247839,-1.207627805,-1.207627805,-1.207627805,-1.207627805,-1.207627805,-1.207627805,-1.207627805,-1.207627805,-1.207627805,-1.207627805,-1.207627805,-1.207627805,-1.207627805,-1.207627805,-1.207627805,-1.207627805,-1.207627805,-1.207627805
582_T2,4.019194723,4.334711594,4.466771316,4.08171508,4.126166842,4.002934202,3.9864049,4.050943421,4.066447608,3.720701734,3.804083343,-2.040760407,-2.040760407,-2.040760407,5.033723894,-2.040760407,-2.040760407,-2.040760407,-2.040760407,3.605632404,4.744090602,-2.040760407,4.310900946,-2.040760407,-2.040760407,-2.040760407,4.391870008,-2.040760407,-2.040760407,3.804083343,-2.040760407,-2.040760407,-2.040760407,-2.040760407,-2.040760407,4.712341903,-2.040760407,4.797335116,4.720374075,-2.040760407,4.066447608,-2.040760407,-2.040760407,3.475579276,4.77486226,-2.040760407,-2.040760407,4.915940859,-2.040760407,-2.040760407,-2.040760407,-2.040760407,5.106996095,3.804083343,-2.040760407,3.783880636,3.629729956,3.742207939,-2.040760407,-2.040760407,3.110936163,-2.040760407,-2.040760407,-2.040760407,-2.040760407,-2.040760407,-2.040760407,-2.040760407,-2.040760407,-2.040760407,-2.040760407,-2.040760407,-2.040760407,3.605632404,-2.040760407,-2.040760407,-2.040760407,-2.040760407,-2.040760407,-2.040760407,-2.040760407,-2.040760407,-2.040760407,-2.040760407,-2.040760407,4.601590539,-2.040760407,-2.040760407,-2.040760407,3.969597782,-2.040760407,4.998005812,-2.040760407,4.789900138,4.43535512,3.357796241,-2.040760407,3.187897204,-2.040760407,-2.040760407,-2.040760407,3.698722828,4.111568043,-2.040760407,-2.040760407,3.653260453,3.82388597,-2.040760407,3.555621984,-2.040760407,-2.040760407,4.797335116,-2.040760407,-2.040760407,-2.040760407,-2.040760407,3.783880636,-2.040760407,-2.040760407,4.744090602,-2.040760407,-2.040760407,-2.040760407,-2.040760407,4.196125431,-2.040760407,-2.040760407,5.23439459,-2.040760407,-2.040760407,-2.040760407,-2.040760407,-2.040760407,-2.040760407,3.580939792,-2.040760407,-2.040760407,5.267338745,-2.040760407,4.23586576,-2.040760407,4.517033151,-2.040760407,-2.040760407,-2.040760407,-2.040760407,-2.040760407,3.555621984,3.418420862,-2.040760407,-2.040760407,-2.040760407,-2.040760407,-2.040760407,-2.040760407,3.742207939,-2.040760407,-2.040760407,-2.040760407,-2.040760407,-2.040760407,-2.040760407,-2.040760407,3.742207939,-2.040760407,-2.040760407,-2.040760407,-2.040760407,-2.040760407,4.782409466,-2.040760407,-2.040760407,-2.040760407,-2.040760407,-2.040760407,-2.040760407,3.629729956,4.671183831,-2.040760407,4.671183831,4.875666959,-2.040760407,-2.040760407,-2.040760407,-2.040760407,-2.040760407,-2.040760407,4.035195064,4.797335116,-2.040760407,-2.040760407,-2.040760407
583_T2,3.927569518,4.054859755,3.852416795,3.900044844,3.812610545,3.781680244,4.116655475,3.885993091,4.026575042,3.682698411,3.890698982,2.589849827,2.763513321,2.572458084,2.379554418,2.64028068,2.336069306,2.192968462,2.112925755,2.084754878,2.911433451,-2.81090671,-2.81090671,2.49969873,-2.81090671,-2.81090671,-2.81090671,-2.81090671,2.192968462,3.183367166,2.60694426,-2.81090671,-2.81090671,3.083283708,2.554758507,-2.81090671,-2.81090671,-2.81090671,3.282997007,2.480650535,-2.81090671,-2.81090671,2.267076435,-2.81090671,-2.81090671,-2.81090671,2.49969873,-2.81090671,3.716792622,-2.81090671,2.911433451,3.449387742,-2.81090671,3.553287337,-2.81090671,2.379554418,1.707460647,3.852416795,-2.81090671,3.072701599,3.051195393,-2.81090671,-2.81090671,3.506140559,2.441429822,-2.81090671,2.400607827,2.554758507,-2.81090671,2.995314935,2.873212238,-2.81090671,3.018043186,-2.81090671,-2.81090671,2.267076435,4.070670361,-2.81090671,-2.81090671,-2.81090671,2.441429822,-2.81090671,-2.81090671,-2.81090671,2.31359645,-2.81090671,2.734099436,-2.81090671,-2.81090671,2.21828627,-2.81090671,2.60694426,-2.81090671,-2.81090671,-2.81090671,-2.81090671,3.760515433,1.896702646,2.112925755,-2.81090671,2.267076435,3.499220116,-2.81090671,2.21828627,-2.81090671,3.442061702,3.665205253,3.19284591,3.434681595,-2.81090671,3.822711641,-2.81090671,2.49969873,-2.81090671,-2.81090671,-2.81090671,3.553287337,-2.81090671,-2.81090671,-2.81090671,2.518390863,2.336069306,-2.81090671,-2.81090671,-2.81090671,-2.81090671,2.421227114,2.336069306,-2.81090671,2.792086693,3.506140559,-2.81090671,-2.81090671,-2.81090671,3.478166707,-2.81090671,2.672541543,-2.81090671,2.572458084,2.084754878,3.183367166,-2.81090671,-2.81090671,4.445608879,-2.81090671,-2.81090671,-2.81090671,3.617003152,3.485233874,3.546686653,-2.81090671,-2.81090671,-2.81090671,-2.81090671,-2.81090671,3.456660501,2.055767341,-2.81090671,-2.81090671,-2.81090671,2.025914378,-2.81090671,-2.81090671,3.559844738,-2.81090671,-2.81090671,-2.81090671,-2.81090671,-2.81090671,3.553287337,-2.81090671,-2.81090671,2.995314935,-2.81090671,-2.81090671,-2.81090671,-2.81090671,2.025914378,-2.81090671,-2.81090671,-2.81090671,-2.81090671,-2.81090671,-2.81090671,-2.81090671,1.748282641,2.358048213,2.055767341,1.963394021,-2.81090671,-2.81090671,3.006743631
584_T2,4.941263704,5.089683709,4.833430999,4.997433976,4.909658365,4.843283296,4.712549108,4.734649455,4.660961739,4.631108776,4.437818188,3.967814558,3.437186307,4.488007932,3.10868224,3.881872129,-2.204650002,-2.204650002,-2.204650002,-2.204650002,3.744671007,-2.204650002,-2.204650002,4.568588419,-2.204650002,3.619507864,4.036022808,-2.204650002,-2.204650002,3.619507864,-2.204650002,-2.204650002,4.41551243,3.437186307,-2.204650002,-2.204650002,-2.204650002,-2.204650002,3.051523827,3.437186307,-2.204650002,-2.204650002,4.079040193,-2.204650002,3.10868224,-2.204650002,-2.204650002,4.353477039,-2.204650002,-2.204650002,-2.204650002,-2.204650002,3.051523827,3.188724948,-2.204650002,4.278753493,-2.204650002,3.894611154,-2.204650002,4.068458084,3.602700746,-2.204650002,-2.204650002,-2.204650002,-2.204650002,-2.204650002,-2.204650002,4.701313034,-2.204650002,-2.204650002,-2.204650002,-2.204650002,3.051523827,-2.204650002,-2.204650002,-2.204650002,-2.204650002,-2.204650002,-2.204650002,3.684046385,2.926360684,-2.204650002,-2.204650002,-2.204650002,-2.204650002,2.959150506,-2.204650002,-2.204650002,-2.204650002,-2.204650002,-2.204650002,-2.204650002,3.188724948,3.636037166,3.188724948,-2.204650002,4.216511184,3.47640702,2.959150506,-2.204650002,-2.204650002,3.931882549,-2.204650002,-2.204650002,-2.204650002,3.214042756,-2.204650002,-2.204650002,3.080511363,-2.204650002,-2.204650002,2.959150506,3.238735369,-2.204650002,-2.204650002,-2.204650002,4.197992136,-2.204650002,-2.204650002,-2.204650002,3.801829421,-2.204650002,-2.204650002,-2.204650002,-2.204650002,-2.204650002,-2.204650002,-2.204650002,-2.204650002,4.384975706,-2.204650002,-2.204650002,-2.204650002,-2.204650002,-2.204650002,-2.204650002,-2.204650002,-2.204650002,2.660657518,-2.204650002,-2.204650002,-2.204650002,3.881872129,-2.204650002,-2.204650002,-2.204650002,-2.204650002,-2.204650002,2.926360684,4.445144228,-2.204650002,4.423003102,-2.204650002,-2.204650002,-2.204650002,-2.204650002,-2.204650002,-2.204650002,3.47640702,-2.204650002,-2.204650002,3.532496487,-2.204650002,3.136081215,2.892459132,-2.204650002,-2.204650002,4.857882095,-2.204650002,3.051523827,-2.204650002,-2.204650002,-2.204650002,-2.204650002,-2.204650002,4.225643668,3.967814558,2.892459132,-2.204650002,-2.204650002,4.140283819,-2.204650002,-2.204650002,-2.204650002,-2.204650002,4.09987428,4.329184347,-2.204650002,-2.204650002,-2.204650002,-2.204650002,-2.204650002
585_T2,-0.697070457,-0.697070457,7.256484488,7.295056763,-0.697070457,-0.697070457,7.316447953,-0.697070457,-0.697070457,-0.697070457,-0.697070457,-0.697070457,-0.697070457,-0.697070457,-0.697070457,-0.697070457,-0.697070457,-0.697070457,-0.697070457,7.737661418,6.910982845,-0.697070457,-0.697070457,-0.697070457,-0.697070457,-0.697070457,-0.697070457,-0.697070457,-0.697070457,-0.697070457,-0.697070457,-0.697070457,-0.697070457,6.802088757,-0.697070457,-0.697070457,-0.697070457,-0.697070457,6.152238382,-0.697070457,-0.697070457,-0.697070457,-0.697070457,-0.697070457,6.279393557,-0.697070457,-0.697070457,-0.697070457,-0.697070457,-0.697070457,-0.697070457,-0.697070457,-0.697070457,-0.697070457,-0.697070457,-0.697070457,6.365160379,-0.697070457,-0.697070457,-0.697070457,6.152238382,-0.697070457,-0.697070457,-0.697070457,-0.697070457,-0.697070457,-0.697070457,-0.697070457,-0.697070457,-0.697070457,-0.697070457,-0.697070457,6.117752206,-0.697070457,-0.697070457,-0.697070457,-0.697070457,-0.697070457,-0.697070457,-0.697070457,-0.697070457,-0.697070457,-0.697070457,-0.697070457,-0.697070457,7.098581459,-0.697070457,-0.697070457,-0.697070457,7.723675176,-0.697070457,-0.697070457,-0.697070457,-0.697070457,5.986723943,-0.697070457,-0.697070457,-0.697070457,-0.697070457,-0.697070457,-0.697070457,-0.697070457,-0.697070457,-0.697070457,-0.697070457,-0.697070457,-0.697070457,-0.697070457,-0.697070457,-0.697070457,-0.697070457,6.233584021,-0.697070457,-0.697070457,-0.697070457,-0.697070457,-0.697070457,-0.697070457,-0.697070457,-0.697070457,-0.697070457,-0.697070457,-0.697070457,-0.697070457,-0.697070457,-0.697070457,-0.697070457,-0.697070457,-0.697070457,-0.697070457,-0.697070457,-0.697070457,-0.697070457,-0.697070457,-0.697070457,-0.697070457,-0.697070457,-0.697070457,-0.697070457,-0.697070457,-0.697070457,-0.697070457,-0.697070457,-0.697070457,7.445338966,-0.697070457,-0.697070457,-0.697070457,-0.697070457,-0.697070457,-0.697070457,5.788273005,-0.697070457,-0.697070457,-0.697070457,-0.697070457,-0.697070457,-0.697070457,-0.697070457,-0.697070457,-0.697070457,-0.697070457,-0.697070457,-0.697070457,-0.697070457,-0.697070457,-0.697070457,-0.697070457,-0.697070457,-0.697070457,-0.697070457,-0.697070457,-0.697070457,-0.697070457,-0.697070457,-0.697070457,-0.697070457,-0.697070457,-0.697070457,-0.697070457,-0.697070457,-0.697070457,6.628577829,-0.697070457,-0.697070457,-0.697070457,-0.697070457,-0.697070457,-0.697070457,-0.697070457,-0.697070457,-0.697070457
586_T2,7.658159912,7.603555778,-0.785196314,-0.785196314,-0.785196314,-0.785196314,-0.785196314,-0.785196314,-0.785196314,-0.785196314,7.616230219,-0.785196314,-0.785196314,-0.785196314,-0.785196314,-0.785196314,-0.785196314,-0.785196314,-0.785196314,-0.785196314,-0.785196314,-0.785196314,-0.785196314,-0.785196314,-0.785196314,-0.785196314,-0.785196314,-0.785196314,-0.785196314,-0.785196314,-0.785196314,-0.785196314,-0.785196314,6.573936361,6.814077489,-0.785196314,-0.785196314,-0.785196314,-0.785196314,-0.785196314,-0.785196314,-0.785196314,-0.785196314,-0.785196314,-0.785196314,-0.785196314,6.039013186,5.894973815,-0.785196314,-0.785196314,-0.785196314,-0.785196314,-0.785196314,6.132103609,-0.785196314,-0.785196314,-0.785196314,-0.785196314,-0.785196314,-0.785196314,-0.785196314,-0.785196314,-0.785196314,-0.785196314,-0.785196314,-0.785196314,-0.785196314,-0.785196314,-0.785196314,-0.785196314,-0.785196314,-0.785196314,-0.785196314,-0.785196314,-0.785196314,-0.785196314,-0.785196314,-0.785196314,-0.785196314,-0.785196314,-0.785196314,-0.785196314,-0.785196314,-0.785196314,5.759428323,-0.785196314,-0.785196314,-0.785196314,-0.785196314,-0.785196314,-0.785196314,-0.785196314,-0.785196314,-0.785196314,-0.785196314,-0.785196314,-0.785196314,-0.785196314,-0.785196314,-0.785196314,-0.785196314,-0.785196314,-0.785196314,-0.785196314,-0.785196314,-0.785196314,-0.785196314,6.19664213,-0.785196314,-0.785196314,-0.785196314,-0.785196314,-0.785196314,-0.785196314,-0.785196314,-0.785196314,-0.785196314,-0.785196314,-0.785196314,-0.785196314,-0.785196314,-0.785196314,-0.785196314,-0.785196314,5.639627123,-0.785196314,-0.785196314,7.406845484,-0.785196314,-0.785196314,-0.785196314,5.791177022,-0.785196314,-0.785196314,-0.785196314,-0.785196314,-0.785196314,-0.785196314,-0.785196314,-0.785196314,-0.785196314,-0.785196314,-0.785196314,-0.785196314,5.963027279,-0.785196314,-0.785196314,-0.785196314,-0.785196314,-0.785196314,-0.785196314,5.621277985,-0.785196314,-0.785196314,-0.785196314,7.281268176,-0.785196314,-0.785196314,7.087615054,-0.785196314,-0.785196314,-0.785196314,-0.785196314,5.922753379,5.564119571,-0.785196314,-0.785196314,-0.785196314,-0.785196314,-0.785196314,-0.785196314,-0.785196314,-0.785196314,-0.785196314,-0.785196314,-0.785196314,-0.785196314,-0.785196314,-0.785196314,-0.785196314,-0.785196314,-0.785196314,5.88078918,5.82194868,-0.785196314,-0.785196314,-0.785196314,-0.785196314,-0.785196314,-0.785196314,-0.785196314,-0.785196314
588_T2,4.278911419,4.272177387,4.31839023,4.368715314,4.107270872,4.202218798,4.251698855,4.176529312,4.272177387,4.058281484,3.95709634,3.135694824,3.226208832,3.186988118,2.6248692,3.291348134,-2.703106237,2.676162495,2.872277374,2.801325638,2.963844567,-2.703106237,-2.703106237,2.724952659,-2.703106237,3.885122841,2.295389999,-2.703106237,2.453018943,3.135694824,2.295389999,-2.703106237,4.083076143,2.692691797,2.493840938,2.708952318,3.558551675,3.047726051,-2.703106237,3.433848196,2.533061651,-2.703106237,-2.703106237,2.885883026,3.729312409,-2.703106237,2.319487551,-2.703106237,-2.703106237,-2.703106237,2.343018048,2.570801979,3.254646767,2.951265785,-2.703106237,2.676162495,2.858484052,2.453018943,-2.703106237,2.938526759,2.771472675,-2.703106237,-2.703106237,4.066614866,3.487092711,-2.703106237,-2.703106237,2.642260943,3.612255854,-2.703106237,-2.703106237,-2.703106237,2.533061651,2.912551273,3.024469189,-2.703106237,-2.703106237,-2.703106237,3.68168436,-2.703106237,3.385838977,3.125112715,-2.703106237,-2.703106237,-2.703106237,-2.703106237,-2.703106237,-2.703106237,2.925623354,2.6248692,-2.703106237,-2.703106237,-2.703106237,-2.703106237,-2.703106237,1.877654799,-2.703106237,2.513643565,3.309205751,-2.703106237,2.771472675,2.137165994,2.607169623,-2.703106237,-2.703106237,2.343018048,2.319487551,3.216546921,2.493840938,-2.703106237,-2.703106237,-2.703106237,3.53764499,-2.703106237,-2.703106237,-2.703106237,2.431965534,-2.703106237,-2.703106237,-2.703106237,2.270697387,3.612255854,-2.703106237,3.63167394,-2.703106237,2.015805137,3.494472818,-2.703106237,-2.703106237,-2.703106237,-2.703106237,-2.703106237,-2.703106237,-2.703106237,2.431965534,-2.703106237,-2.703106237,-2.703106237,3.656991748,-2.703106237,-2.703106237,-2.703106237,-2.703106237,4.516712128,-2.703106237,-2.703106237,4.153971965,2.912551273,2.219404092,-2.703106237,-2.703106237,-2.703106237,-2.703106237,-2.703106237,-2.703106237,-2.703106237,-2.703106237,-2.703106237,-2.703106237,-2.703106237,-2.703106237,-2.703106237,-2.703106237,2.366007566,-2.703106237,-2.703106237,-2.703106237,-2.703106237,-2.703106237,2.366007566,-2.703106237,-2.703106237,1.877654799,-2.703106237,-2.703106237,3.196938449,-2.703106237,3.551631232,3.070454302,-2.703106237,2.801325638,-2.703106237,-2.703106237,-2.703106237,2.137165994,-2.703106237,-2.703106237,1.717312148,-2.703106237,-2.703106237,-2.703106237,-2.703106237
589_T2,5.75542032,6.009550859,5.750331251,5.665173442,5.654000142,5.760483622,5.448950334,5.36256572,5.462649178,5.406690525,5.654000142,4.497568282,4.676909211,5.528462397,-1.426893769,4.161096046,4.762676033,5.496097112,-1.426893769,-1.426893769,-1.426893769,-1.426893769,-1.426893769,-1.426893769,5.316403678,-1.426893769,-1.426893769,-1.426893769,4.42346031,5.21714872,-1.426893769,-1.426893769,-1.426893769,5.05718407,-1.426893769,5.659602397,-1.426893769,6.252960107,4.960852961,-1.426893769,-1.426893769,-1.426893769,-1.426893769,-1.426893769,4.841664444,-1.426893769,-1.426893769,-1.426893769,-1.426893769,-1.426893769,-1.426893769,-1.426893769,-1.426893769,-1.426893769,-1.426893769,-1.426893769,-1.426893769,-1.426893769,-1.426893769,-1.426893769,-1.426893769,-1.426893769,-1.426893769,-1.426893769,-1.426893769,-1.426893769,5.670713623,-1.426893769,-1.426893769,-1.426893769,-1.426893769,-1.426893769,-1.426893769,-1.426893769,-1.426893769,-1.426893769,-1.426893769,-1.426893769,-1.426893769,5.936048397,-1.426893769,-1.426893769,-1.426893769,-1.426893769,5.547390407,4.566561154,-1.426893769,-1.426893769,-1.426893769,-1.426893769,-1.426893769,-1.426893769,5.697963265,4.631099675,4.816022013,-1.426893769,-1.426893769,-1.426893769,4.748882711,-1.426893769,-1.426893769,-1.426893769,-1.426893769,-1.426893769,-1.426893769,-1.426893769,-1.426893769,5.276237636,-1.426893769,-1.426893769,-1.426893769,4.343417603,-1.426893769,-1.426893769,-1.426893769,-1.426893769,-1.426893769,-1.426893769,-1.426893769,-1.426893769,-1.426893769,-1.426893769,-1.426893769,-1.426893769,-1.426893769,5.476162898,-1.426893769,-1.426893769,-1.426893769,-1.426893769,-1.426893769,-1.426893769,-1.426893769,-1.426893769,-1.426893769,-1.426893769,5.428043649,-1.426893769,-1.426893769,-1.426893769,-1.426893769,-1.426893769,-1.426893769,-1.426893769,-1.426893769,-1.426893769,-1.426893769,4.828925418,-1.426893769,-1.426893769,-1.426893769,-1.426893769,-1.426893769,-1.426893769,-1.426893769,5.509169194,-1.426893769,4.802949932,-1.426893769,-1.426893769,-1.426893769,-1.426893769,-1.426893769,-1.426893769,-1.426893769,-1.426893769,-1.426893769,-1.426893769,-1.426893769,-1.426893769,5.399470277,-1.426893769,-1.426893769,-1.426893769,-1.426893769,-1.426893769,-1.426893769,-1.426893769,-1.426893769,-1.426893769,-1.426893769,-1.426893769,-1.426893769,-1.426893769,-1.426893769,-1.426893769,-1.426893769,-1.426893769,-1.426893769,-1.426893769,-1.426893769,-1.426893769
590_T2,5.36909916,5.254090051,5.065655666,4.90254636,5.055571547,5.133533088,4.590958766,4.829043898,4.524267392,4.816250546,5.028172573,3.709017515,3.734659945,3.734659945,3.807863349,3.584719798,3.613707335,-2.135373856,3.831120211,3.682700206,3.819559389,-2.135373856,-2.135373856,2.891572617,-2.135373856,-2.135373856,3.354196139,-2.135373856,-2.135373856,3.853848462,2.732507923,-2.135373856,4.306854515,3.695945433,3.028773739,-2.135373856,-2.135373856,4.32103915,-2.135373856,-2.135373856,-2.135373856,-2.135373856,2.948731031,-2.135373856,-2.135373856,-2.135373856,2.976130005,-2.135373856,-2.135373856,-2.135373856,4.285193019,4.083710964,2.920560154,-2.135373856,-2.135373856,4.083710964,3.641878212,-2.135373856,-2.135373856,-2.135373856,3.7840527,-2.135373856,-2.135373856,-2.135373856,4.402164695,5.014186331,-2.135373856,2.861719654,-2.135373856,-2.135373856,3.865021763,-2.135373856,3.641878212,-2.135373856,2.623308631,-2.135373856,4.552597899,-2.135373856,-2.135373856,4.772383864,3.655671534,4.270486871,-2.135373856,-2.135373856,3.524095176,-2.135373856,-2.135373856,-2.135373856,-2.135373856,4.446616458,-2.135373856,-2.135373856,-2.135373856,3.613707335,-2.135373856,-2.135373856,4.335025392,-2.135373856,-2.135373856,-2.135373856,-2.135373856,4.563709124,4.369158399,-2.135373856,-2.135373856,-2.135373856,-2.135373856,-2.135373856,-2.135373856,-2.135373856,-2.135373856,-2.135373856,3.215359694,-2.135373856,-2.135373856,-2.135373856,-2.135373856,-2.135373856,-2.135373856,-2.135373856,-2.135373856,-2.135373856,-2.135373856,4.270486871,4.135896717,-2.135373856,3.999941081,-2.135373856,-2.135373856,-2.135373856,-2.135373856,2.137800815,-2.135373856,-2.135373856,-2.135373856,-2.135373856,2.732507923,-2.135373856,-2.135373856,-2.135373856,-2.135373856,-2.135373856,-2.135373856,-2.135373856,-2.135373856,-2.135373856,4.535696088,-2.135373856,-2.135373856,3.476085957,-2.135373856,-2.135373856,3.215359694,-2.135373856,-2.135373856,-2.135373856,-2.135373856,-2.135373856,-2.135373856,2.861719654,-2.135373856,-2.135373856,3.492346478,-2.135373856,3.354196139,-2.135373856,-2.135373856,-2.135373856,-2.135373856,-2.135373856,-2.135373856,-2.135373856,-2.135373856,2.732507923,-2.135373856,-2.135373856,-2.135373856,-2.135373856,-2.135373856,-2.135373856,-2.135373856,-2.135373856,-2.135373856,3.819559389,-2.135373856,-2.135373856,-2.135373856,4.270486871,-2.135373856,3.028773739,-2.135373856,-2.135373856
592_T2,4.900059238,4.645103859,4.0060239,4.057317195,4.11042702,4.0753357,3.738863463,4.024981814,3.763556076,4.204953193,4.577192654,3.515719912,3.118036944,3.045716283,2.868382268,2.21903771,-2.620044785,3.163499319,3.163499319,2.724132659,3.163499319,3.425863583,3.981809642,2.652673695,3.238400627,-2.620044785,2.883197353,4.152627374,-2.620044785,2.614933367,3.278810165,4.657651076,2.967754741,2.741227092,-2.620044785,2.85334439,3.971957346,3.185478225,3.21756654,4.173077985,2.790824033,-2.620044785,3.951956679,3.106340905,-2.620044785,-2.620044785,2.954149089,3.64729627,2.868382268,-2.620044785,2.327251294,3.082530256,2.689041339,3.936689207,2.883197353,2.190050173,-2.620044785,3.417279839,2.838076918,3.561529448,3.408621777,3.308080547,2.352569102,2.940355767,-2.620044785,3.915963076,3.248657127,-2.620044785,-2.620044785,2.981177762,-2.620044785,2.940355767,-2.620044785,2.06488703,3.442813141,-2.620044785,-2.620044785,3.345820875,-2.620044785,-2.620044785,-2.620044785,2.633981562,-2.620044785,2.129425551,-2.620044785,-2.620044785,3.106340905,-2.620044785,-2.620044785,-2.620044785,-2.620044785,-2.620044785,-2.620044785,-2.620044785,-2.620044785,-2.620044785,-2.620044785,2.401359266,-2.620044785,-2.620044785,-2.620044785,3.163499319,-2.620044785,3.483971214,-2.620044785,3.425863583,2.954149089,-2.620044785,2.492331045,-2.620044785,-2.620044785,-2.620044785,-2.620044785,2.555509946,-2.620044785,-2.620044785,2.868382268,-2.620044785,-2.620044785,-2.620044785,-2.620044785,-2.620044785,-2.620044785,-2.620044785,-2.620044785,2.883197353,-2.620044785,-2.620044785,-2.620044785,2.274607561,2.981177762,-2.620044785,-2.620044785,2.706740916,3.152326018,-2.620044785,2.652673695,-2.620044785,-2.620044785,3.37321985,-2.620044785,-2.620044785,-2.620044785,-2.620044785,-2.620044785,3.308080547,-2.620044785,2.633981562,2.555509946,-2.620044785,3.822744947,-2.620044785,-2.620044785,-2.620044785,-2.620044785,-2.620044785,-2.620044785,-2.620044785,-2.620044785,-2.620044785,-2.620044785,-2.620044785,-2.620044785,3.38218852,-2.620044785,-2.620044785,-2.620044785,-2.620044785,-2.620044785,-2.620044785,-2.620044785,3.507876735,-2.620044785,-2.620044785,-2.620044785,-2.620044785,-2.620044785,-2.620044785,-2.620044785,-2.620044785,-2.620044785,-2.620044785,-2.620044785,-2.620044785,-2.620044785,-2.620044785,-2.620044785,-2.620044785,-2.620044785,-2.620044785,-2.620044785,-2.620044785
593_T2,4.046228218,3.797531593,3.306124055,3.397931604,3.603375578,3.397931604,2.992466496,3.4657542,3.266903342,3.559572956,3.785697135,3.761599584,2.881240861,3.603375578,3.658945429,-2.352156274,-2.352156274,3.820788455,3.970000853,4.073379208,3.736906971,3.887479829,3.068452403,-2.352156274,3.67236845,4.739375399,-2.352156274,-2.352156274,2.399402774,2.965798249,-2.352156274,-2.352156274,3.4657542,-2.352156274,3.018441982,-2.352156274,-2.352156274,-2.352156274,3.588986841,3.631546455,-2.352156274,-2.352156274,-2.352156274,-2.352156274,-2.352156274,-2.352156274,-2.352156274,3.711589163,4.338486958,-2.352156274,-2.352156274,-2.352156274,-2.352156274,4.67300033,3.286705969,-2.352156274,-2.352156274,4.553377368,-2.352156274,4.267535222,2.245252094,-2.352156274,3.246700634,3.068452403,-2.352156274,3.749329491,-2.352156274,4.525364331,-2.352156274,3.603375578,-2.352156274,-2.352156274,-2.352156274,-2.352156274,-2.352156274,-2.352156274,-2.352156274,2.938399275,-2.352156274,-2.352156274,3.574388041,4.150670882,-2.352156274,-2.352156274,-2.352156274,-2.352156274,3.749329491,-2.352156274,-2.352156274,-2.352156274,-2.352156274,-2.352156274,2.573756161,-2.352156274,-2.352156274,4.622738495,-2.352156274,-2.352156274,3.588986841,-2.352156274,-2.352156274,4.442476671,-2.352156274,4.478844316,2.910228398,4.282134021,4.091078785,3.362213521,3.645339777,4.58062701,-2.352156274,-2.352156274,3.482014721,3.226081347,-2.352156274,-2.352156274,4.317724967,-2.352156274,3.574388041,2.612976874,-2.352156274,-2.352156274,-2.352156274,-2.352156274,-2.352156274,-2.352156274,3.018441982,-2.352156274,-2.352156274,-2.352156274,-2.352156274,-2.352156274,-2.352156274,4.324693636,4.222414787,4.237682259,-2.352156274,-2.352156274,-2.352156274,-2.352156274,-2.352156274,-2.352156274,-2.352156274,-2.352156274,3.658945429,-2.352156274,-2.352156274,4.055360702,3.832217151,-2.352156274,4.73477769,2.18809368,-2.352156274,-2.352156274,-2.352156274,-2.352156274,-2.352156274,-2.352156274,-2.352156274,-2.352156274,-2.352156274,-2.352156274,-2.352156274,4.73477769,-2.352156274,-2.352156274,-2.352156274,-2.352156274,-2.352156274,4.008840686,-2.352156274,-2.352156274,3.876668913,-2.352156274,-2.352156274,-2.352156274,3.698685758,2.573756161,-2.352156274,-2.352156274,-2.352156274,-2.352156274,-2.352156274,-2.352156274,-2.352156274,-2.352156274,-2.352156274,-2.352156274,-2.352156274,-2.352156274,-2.352156274,-2.352156274
594_T2,2.599160899,2.080036472,1.7923544,2.438099341,2.185396988,2.080036472,1.386889292,1.914244217,1.7923544,2.147175775,2.234187152,3.288167287,3.00737704,3.386866662,3.012856506,2.521869224,2.438099341,2.590862096,3.271430494,1.653517955,1.810703538,2.438099341,2.292006723,2.865965386,2.06605023,2.95086483,2.107435446,-3.48401518,1.977757623,2.197819508,2.367718545,2.759197411,2.051865595,1.897714915,2.147175775,2.2100896,2.623651919,-3.48401518,-3.48401518,2.79380294,2.759197411,2.093829794,2.107435446,2.428343166,-3.48401518,-3.48401518,2.32515893,1.773662267,2.147175775,-3.48401518,2.080036472,2.24602161,2.280707168,2.31422986,1.993025095,-3.48401518,-3.48401518,2.408540539,2.378081332,-3.48401518,1.653517955,2.582493846,2.037476858,1.977757623,1.735195986,2.022878058,2.234187152,1.440956513,-3.48401518,2.134103693,1.846421621,2.06605023,-3.48401518,-3.48401518,1.466931999,2.64755744,1.653517955,2.120858467,2.512900554,2.303180024,2.398490203,1.51694242,1.695190651,1.715393359,1.715393359,-3.48401518,1.610032843,-3.48401518,1.930504738,-3.48401518,2.051865595,2.06605023,1.810703538,1.564570469,-3.48401518,2.85322636,-3.48401518,1.754614072,2.093829794,2.655400617,1.828722044,1.63201175,2.786976975,2.897120554,-3.48401518,1.930504738,-3.48401518,1.329730878,-3.48401518,-3.48401518,-3.48401518,-3.48401518,1.930504738,1.7923544,-3.48401518,-3.48401518,1.135574863,-3.48401518,1.735195986,-3.48401518,-3.48401518,1.653517955,-3.48401518,-3.48401518,-3.48401518,-3.48401518,2.093829794,-3.48401518,2.292006723,-3.48401518,1.204567735,-3.48401518,-3.48401518,2.94503391,-3.48401518,2.280707168,1.653517955,-3.48401518,1.440956513,3.055643781,-3.48401518,-3.48401518,-3.48401518,-3.48401518,2.303180024,2.615554709,-3.48401518,-3.48401518,2.051865595,1.541039971,2.234187152,-3.48401518,-3.48401518,-3.48401518,-3.48401518,-3.48401518,1.329730878,-3.48401518,-3.48401518,2.655400617,1.773662267,-3.48401518,1.587559987,2.31422986,-3.48401518,-3.48401518,-3.48401518,2.346665135,-3.48401518,-3.48401518,-3.48401518,-3.48401518,1.962253437,-3.48401518,-3.48401518,-3.48401518,1.846421621,1.846421621,-3.48401518,-3.48401518,-3.48401518,-3.48401518,-3.48401518,-3.48401518,-3.48401518,1.993025095,-3.48401518,-3.48401518,1.610032843,2.120858467,-3.48401518,-3.48401518
595_T2,5.787526733,5.39340538,-2.150167952,5.068072734,5.096737117,4.899548926,-2.150167952,4.856573563,-2.150167952,4.771193951,5.199582699,4.313290729,4.253095568,4.260368327,4.234678841,3.775765899,-2.150167952,3.312796296,3.832924313,-2.150167952,3.775765899,3.609780761,-2.150167952,3.657247299,-2.150167952,-2.150167952,-2.150167952,-2.150167952,-2.150167952,-2.150167952,-2.150167952,4.680222173,3.676920064,-2.150167952,3.972686255,3.435758007,3.574441395,-2.150167952,-2.150167952,-2.150167952,3.907825621,4.099552976,3.38489959,-2.150167952,-2.150167952,-2.150167952,3.22493494,4.402018845,3.204315653,-2.150167952,4.234678841,3.793259056,3.128603831,4.112238135,-2.150167952,-2.150167952,-2.150167952,3.996553736,3.193844353,4.500753685,-2.150167952,4.219697288,-2.150167952,-2.150167952,3.609780761,-2.150167952,3.715141277,3.021994096,4.483511879,3.193844353,-2.150167952,2.983772884,-2.150167952,-2.150167952,-2.150167952,-2.150167952,4.056067864,-2.150167952,-2.150167952,3.37616591,3.419090955,3.75195525,-2.150167952,-2.150167952,3.886991534,-2.150167952,-2.150167952,-2.150167952,-2.150167952,-2.150167952,-2.150167952,3.643913768,3.27469645,-2.150167952,-2.150167952,3.491997726,-2.150167952,-2.150167952,-2.150167952,-2.150167952,3.204315653,4.01060549,-2.150167952,3.702562495,-2.150167952,3.757961274,3.452151817,-2.150167952,-2.150167952,-2.150167952,-2.150167952,-2.150167952,-2.150167952,-2.150167952,-2.150167952,4.192927047,3.623574083,-2.150167952,3.402141397,-2.150167952,-2.150167952,-2.150167952,-2.150167952,-2.150167952,-2.150167952,-2.150167952,-2.150167952,-2.150167952,3.358466333,-2.150167952,4.112238135,-2.150167952,-2.150167952,4.553470467,-2.150167952,-2.150167952,-2.150167952,-2.150167952,-2.150167952,-2.150167952,-2.150167952,-2.150167952,-2.150167952,-2.150167952,-2.150167952,-2.150167952,-2.150167952,3.193844353,-2.150167952,-2.150167952,4.069313091,-2.150167952,-2.150167952,-2.150167952,-2.150167952,-2.150167952,-2.150167952,-2.150167952,4.454097994,-2.150167952,-2.150167952,-2.150167952,-2.150167952,3.616701204,4.398869236,-2.150167952,-2.150167952,2.767101847,-2.150167952,-2.150167952,-2.150167952,-2.150167952,-2.150167952,-2.150167952,-2.150167952,-2.150167952,-2.150167952,-2.150167952,-2.150167952,-2.150167952,-2.150167952,-2.150167952,-2.150167952,-2.150167952,-2.150167952,-2.150167952,-2.150167952,-2.150167952,-2.150167952,-2.150167952,-2.150167952,-2.150167952
596_T2,5.806367124,5.657551979,5.105784965,5.173118085,5.331909144,5.327932996,4.589971799,5.03892202,4.598270602,5.140018136,5.397191436,4.456440407,4.171927909,4.722460983,4.58160355,3.466041703,3.896824619,3.609142546,4.050975299,-1.853035864,4.437209045,5.130356225,-1.853035864,4.256827353,4.86507509,5.105784965,3.586669691,-1.853035864,2.980533887,3.896824619,4.573164681,-1.853035864,-1.853035864,3.298987618,3.466041703,3.098316923,4.961535356,-1.853035864,-1.853035864,-1.853035864,4.268388175,-1.853035864,4.512010258,-1.853035864,-1.853035864,-1.853035864,3.827831747,-1.853035864,-1.853035864,-1.853035864,-1.853035864,-1.853035864,-1.853035864,-1.853035864,-1.853035864,-1.853035864,4.417600574,-1.853035864,3.976867327,4.938278494,-1.853035864,-1.853035864,-1.853035864,4.268388175,-1.853035864,5.173118085,3.753723775,-1.853035864,-1.853035864,-1.853035864,4.598270602,-1.853035864,4.529867875,2.980533887,-1.853035864,5.125490036,-1.853035864,-1.853035864,-1.853035864,-1.853035864,-1.853035864,-1.853035864,-1.853035864,-1.853035864,3.753723775,-1.853035864,-1.853035864,-1.853035864,-1.853035864,-1.853035864,-1.853035864,3.236467261,-1.853035864,4.387447535,-1.853035864,-1.853035864,-1.853035864,4.813115351,-1.853035864,-1.853035864,-1.853035864,-1.853035864,-1.853035864,5.017415814,-1.853035864,-1.853035864,-1.853035864,-1.853035864,-1.853035864,-1.853035864,-1.853035864,-1.853035864,-1.853035864,-1.853035864,-1.853035864,-1.853035864,-1.853035864,-1.853035864,-1.853035864,-1.853035864,-1.853035864,-1.853035864,-1.853035864,-1.853035864,-1.853035864,-1.853035864,-1.853035864,3.491359511,-1.853035864,-1.853035864,-1.853035864,4.377191035,-1.853035864,-1.853035864,-1.853035864,3.976867327,4.622761622,-1.853035864,-1.853035864,-1.853035864,-1.853035864,-1.853035864,-1.853035864,-1.853035864,-1.853035864,-1.853035864,-1.853035864,-1.853035864,-1.853035864,-1.853035864,4.67767738,-1.853035864,-1.853035864,-1.853035864,-1.853035864,-1.853035864,-1.853035864,-1.853035864,-1.853035864,-1.853035864,-1.853035864,-1.853035864,-1.853035864,-1.853035864,-1.853035864,-1.853035864,-1.853035864,-1.853035864,-1.853035864,3.268215959,-1.853035864,-1.853035864,-1.853035864,-1.853035864,-1.853035864,-1.853035864,-1.853035864,-1.853035864,-1.853035864,-1.853035864,-1.853035864,-1.853035864,-1.853035864,-1.853035864,-1.853035864,-1.853035864,4.387447535,-1.853035864,-1.853035864,-1.853035864,-1.853035864,-1.853035864
597_T2,5.403202252,5.346650083,5.114374048,4.966320948,4.976903057,4.944814743,4.766831588,4.847872798,4.766831588,4.90036298,5.002878544,4.364607973,4.020338426,4.829745413,-1.945441412,3.873013712,3.097174815,4.65713267,4.466077434,4.955625659,3.467548604,-1.945441412,-1.945441412,3.418758439,-1.945441412,-1.945441412,4.195787104,5.180917439,-1.945441412,-1.945441412,-1.945441412,-1.945441412,-1.945441412,-1.945441412,4.136598233,3.25623951,5.222940429,-1.945441412,4.020338426,-1.945441412,-1.945441412,-1.945441412,4.218515355,-1.945441412,3.919533727,-1.945441412,3.978374227,4.597413436,-1.945441412,-1.945441412,-1.945441412,-1.945441412,-1.945441412,-1.945441412,4.727091259,-1.945441412,4.020338426,-1.945441412,-1.945441412,4.574066072,-1.945441412,-1.945441412,-1.945441412,-1.945441412,3.641901991,-1.945441412,3.718863032,3.755230676,-1.945441412,4.841866774,3.443451052,-1.945441412,-1.945441412,-1.945441412,4.685706043,-1.945441412,-1.945441412,3.226386547,4.966320948,-1.945441412,-1.945441412,-1.945441412,-1.945441412,4.786124791,3.755230676,3.285227047,-1.945441412,-1.945441412,4.685706043,-1.945441412,5.072213237,3.514068619,-1.945441412,3.601079996,3.491079101,-1.945441412,4.871542542,-1.945441412,-1.945441412,-1.945441412,3.772930253,-1.945441412,-1.945441412,4.597413436,-1.945441412,-1.945441412,3.621699283,-1.945441412,-1.945441412,-1.945441412,-1.945441412,3.621699283,4.542063341,-1.945441412,-1.945441412,-1.945441412,-1.945441412,-1.945441412,-1.945441412,-1.945441412,-1.945441412,3.807416429,-1.945441412,-1.945441412,-1.945441412,-1.945441412,-1.945441412,3.536541475,-1.945441412,-1.945441412,-1.945441412,-1.945441412,-1.945441412,-1.945441412,-1.945441412,-1.945441412,-1.945441412,-1.945441412,-1.945441412,-1.945441412,-1.945441412,-1.945441412,-1.945441412,-1.945441412,-1.945441412,-1.945441412,-1.945441412,-1.945441412,-1.945441412,-1.945441412,-1.945441412,-1.945441412,-1.945441412,-1.945441412,-1.945441412,-1.945441412,3.514068619,-1.945441412,-1.945441412,4.2072158,-1.945441412,-1.945441412,-1.945441412,-1.945441412,-1.945441412,-1.945441412,-1.945441412,-1.945441412,-1.945441412,-1.945441412,-1.945441412,-1.945441412,-1.945441412,-1.945441412,-1.945441412,-1.945441412,-1.945441412,-1.945441412,-1.945441412,-1.945441412,-1.945441412,-1.945441412,-1.945441412,-1.945441412,-1.945441412,-1.945441412,-1.945441412,-1.945441412,-1.945441412,-1.945441412,-1.945441412,-1.945441412
598_T2,4.771001073,4.415476215,3.967237291,4.024681297,4.247824848,4.088157361,3.556617532,3.864444171,3.378936355,4.083591143,4.300767267,2.731045766,2.588625426,2.237764452,2.458005244,2.3731058,2.081195391,2.739856396,2.525446524,2.685789175,2.79114969,2.360366774,2.657618298,1.853805549,3.552734032,3.06625298,2.252153189,2.568006139,2.334391288,2.280324066,2.492294317,-3.044479806,1.853805549,2.321146061,-3.044479806,2.280324066,1.973949861,-3.044479806,2.458005244,2.525446524,1.810320437,1.437645152,3.07256215,2.046709215,-3.044479806,-3.044479806,-3.044479806,-3.044479806,1.93548358,-3.044479806,2.081195391,2.064100958,1.667219594,-3.044479806,3.027538468,2.114531812,1.787847581,-3.044479806,-3.044479806,3.000870221,1.853805549,2.193312689,2.704138313,2.79114969,-3.044479806,2.923638873,3.109603421,-3.044479806,3.047083064,2.237764452,2.704138313,2.422498555,1.299494813,2.321146061,-3.044479806,-3.044479806,-3.044479806,2.807678992,-3.044479806,-3.044479806,2.114531812,2.046709215,2.676486782,3.12165176,-3.044479806,-3.044479806,2.757248139,1.992641994,-3.044479806,1.587176886,2.09800251,1.641244107,2.385684582,-3.044479806,-3.044479806,-3.044479806,-3.044479806,2.081195391,1.370953777,-3.044479806,-3.044479806,-3.044479806,-3.044479806,-3.044479806,2.162541031,-3.044479806,-3.044479806,2.739856396,-3.044479806,1.46939385,0.999390221,-3.044479806,2.223165653,2.568006139,-3.044479806,-3.044479806,-3.044479806,2.799448493,1.500165509,1.895478246,-3.044479806,-3.044479806,-3.044479806,-3.044479806,-3.044479806,-3.044479806,1.370953777,-3.044479806,-3.044479806,2.774342572,2.208350567,1.335862458,-3.044479806,-3.044479806,1.222533772,2.398107102,2.130792332,1.404855329,-3.044479806,2.782781441,-3.044479806,2.410377195,2.88645987,-3.044479806,-3.044479806,-3.044479806,-3.044479806,-3.044479806,-3.044479806,2.557534839,3.007604253,-3.044479806,-3.044479806,-3.044479806,-3.044479806,2.598777798,-3.044479806,-3.044479806,2.871192398,-3.044479806,-3.044479806,-3.044479806,-3.044479806,-3.044479806,2.514517454,-3.044479806,3.109603421,-3.044479806,-3.044479806,-3.044479806,-3.044479806,-3.044479806,-3.044479806,1.048180385,-3.044479806,-3.044479806,-3.044479806,2.09800251,1.810320437,2.193312689,1.404855329,-3.044479806,-3.044479806,2.252153189,-3.044479806,-3.044479806,-3.044479806,-3.044479806,-3.044479806,-3.044479806,-3.044479806,-3.044479806
599_T2,5.44061759,5.290136639,4.732655324,4.804628823,4.946803312,4.958779503,4.479206423,4.858696045,4.671097431,4.832027798,5.123082555,6.377287484,-1.47563311,5.13313289,4.356604101,-1.47563311,-1.47563311,5.737448857,5.551843225,5.952912722,-1.47563311,5.917034434,-1.47563311,-1.47563311,5.98328382,-1.47563311,-1.47563311,-1.47563311,4.191524351,-1.47563311,-1.47563311,-1.47563311,-1.47563311,-1.47563311,-1.47563311,-1.47563311,-1.47563311,5.675457181,4.845450818,5.737448857,-1.47563311,5.870296956,-1.47563311,5.315454447,4.479206423,-1.47563311,-1.47563311,5.74831853,-1.47563311,-1.47563311,-1.47563311,-1.47563311,-1.47563311,4.312152338,4.74747041,-1.47563311,-1.47563311,-1.47563311,-1.47563311,-1.47563311,-1.47563311,-1.47563311,-1.47563311,5.181923055,-1.47563311,-1.47563311,-1.47563311,-1.47563311,-1.47563311,-1.47563311,-1.47563311,-1.47563311,-1.47563311,-1.47563311,-1.47563311,-1.47563311,-1.47563311,-1.47563311,-1.47563311,-1.47563311,-1.47563311,5.210093932,-1.47563311,-1.47563311,-1.47563311,-1.47563311,-1.47563311,-1.47563311,-1.47563311,-1.47563311,-1.47563311,-1.47563311,-1.47563311,4.588405715,4.638836569,4.909989339,-1.47563311,-1.47563311,-1.47563311,-1.47563311,-1.47563311,-1.47563311,-1.47563311,5.016599074,4.378110306,-1.47563311,-1.47563311,-1.47563311,-1.47563311,4.28916282,-1.47563311,-1.47563311,-1.47563311,-1.47563311,-1.47563311,-1.47563311,-1.47563311,-1.47563311,-1.47563311,-1.47563311,-1.47563311,-1.47563311,-1.47563311,-1.47563311,-1.47563311,-1.47563311,-1.47563311,-1.47563311,-1.47563311,-1.47563311,-1.47563311,-1.47563311,-1.47563311,5.281552896,-1.47563311,-1.47563311,-1.47563311,-1.47563311,-1.47563311,5.027772375,-1.47563311,-1.47563311,5.6984467,-1.47563311,-1.47563311,-1.47563311,-1.47563311,-1.47563311,-1.47563311,-1.47563311,-1.47563311,-1.47563311,-1.47563311,-1.47563311,-1.47563311,-1.47563311,-1.47563311,-1.47563311,-1.47563311,-1.47563311,-1.47563311,-1.47563311,-1.47563311,-1.47563311,4.356604101,6.049423622,-1.47563311,-1.47563311,-1.47563311,-1.47563311,-1.47563311,-1.47563311,-1.47563311,-1.47563311,-1.47563311,-1.47563311,-1.47563311,-1.47563311,-1.47563311,-1.47563311,-1.47563311,-1.47563311,-1.47563311,-1.47563311,-1.47563311,-1.47563311,-1.47563311,-1.47563311,-1.47563311,-1.47563311,5.172353604,-1.47563311
600_T2,3.708139861,3.530981423,3.147739451,3.022026707,3.339630459,3.24329935,2.621223612,3.02046786,2.708041172,3.125516315,3.323630118,2.137168229,1.960115785,1.814933775,1.477419329,1.440240326,1.23956963,1.739221953,1.424972854,0.988255202,1.447787531,1.353228949,2.098701948,1.090037896,1.211398753,2.300441591,1.40162549,2.090827892,1.07922698,0.834104522,1.111315295,1.440240326,0.976279011,1.587876325,1.432635726,0.82011828,0.82011828,1.568073697,-4.006163812,-0.075265767,0.791544908,1.090037896,1.361459448,0.195024563,-4.006163812,1.830437962,1.090037896,0.976279011,1.00008966,1.825296562,1.100733185,0.847897844,0.91414723,2.0748913,1.266968604,0.27101047,0.651782965,-4.006163812,0.847897844,0.847897844,1.00008966,1.07922698,0.861503496,0.834104522,0.861503496,-4.006163812,0.861503496,0.617881414,1.192167391,1.284826222,0.449258701,0.926886256,0.805933645,0.82011828,0.364100893,1.046074773,-4.006163812,0.716321487,1.07922698,1.07922698,0.168356316,1.07922698,1.632612218,0.951887558,1.152558253,-4.006163812,0.976279011,1.344930146,0.449258701,0.140957342,-4.006163812,0.684572788,0.428639414,-4.006163812,-4.006163812,0.847897844,1.484692088,0.449258701,1.220877497,-4.006163812,0.988255202,-4.006163812,0.600489671,1.38575214,0.318638519,-4.006163812,-4.006163812,0.70057313,-4.006163812,0.939465038,1.07922698,-4.006163812,-4.006163812,0.791544908,1.182411216,-4.006163812,-4.006163812,-4.006163812,0.716321487,0.564771588,-4.006163812,0.195024563,0.82011828,0.112786465,0.791544908,1.417250808,-4.006163812,0.617881414,0.600489671,0.731825673,0.747093145,0.988255202,-0.184465059,-4.006163812,-4.006163812,-4.006163812,1.142405882,-4.006163812,-4.006163812,-4.006163812,0.939465038,0.805933645,0.951887558,-4.006163812,0.716321487,0.874926517,0.847897844,1.336561896,-4.006163812,0.634975847,0.861503496,-4.006163812,1.023346522,-4.006163812,0.469461409,0.716321487,1.090037896,0.27101047,-4.006163812,0.861503496,0.469461409,0.747093145,0.668312267,-4.006163812,0.861503496,0.901243825,0.716321487,-4.006163812,0.341628037,-4.006163812,1.07922698,1.07922698,0.617881414,-4.006163812,0.600489671,-4.006163812,0.195024563,-4.006163812,0.508682122,0.668312267,-4.006163812,0.364100893,0.3860798,0.407586005,-4.006163812,0.617881414,0.053945965,0.805933645,0.023174306,0.901243825,0.112786465,-4.006163812
601_T2,3.462999671,3.640241963,3.31164034,3.286947727,3.134670292,3.2170616,3.097601556,3.17181742,3.086971235,3.036882518,3.169008429,1.187303478,1.329723818,1.626216521,1.778485732,1.207506186,1.558163057,1.079672814,1.246726899,1.19745585,1.991407729,1.187303478,-3.901146864,1.477533323,0.66277901,1.778485732,1.632773921,1.915541979,1.217456516,1.585942621,0.971783852,-3.901146864,1.355926191,2.070396141,-3.901146864,1.275164834,-3.901146864,1.743999556,1.743999556,1.708281474,1.166684191,0.906401093,0.761219083,1.454366264,1.738134437,1.406357044,0.807028619,1.217456516,1.177046978,1.462148404,1.090972369,1.389827742,0.919824113,-3.901146864,0.77672327,1.145630782,1.311866201,-3.901146864,1.044987256,0.494156298,1.935054793,0.946141422,0.534161632,0.514359005,0.572627913,2.413476993,0.239922159,1.056683296,-3.901146864,0.892795441,0.452483601,-3.901146864,1.658581805,1.207506186,0.745470726,0.494156298,-3.901146864,1.293683882,2.25832781,1.021176607,1.795292851,0.821843705,1.767121974,1.134935493,0.452483601,1.389827742,0.265897646,2.022870999,1.068244118,1.068244118,-3.901146864,0.850831242,0.713209864,1.592768586,1.743999556,0.609669185,2.292695454,1.177046978,1.373020624,-3.901146864,1.237064988,-3.901146864,0.879002119,-3.901146864,-3.901146864,2.031681629,-3.901146864,1.477533323,-3.901146864,-3.901146864,1.46987045,1.329723818,1.585942621,1.275164834,1.311866201,1.056683296,-3.901146864,-3.901146864,0.645387267,0.879002119,0.430977396,0.679873444,-3.901146864,0.679873444,1.19745585,-3.901146864,1.592768586,-3.901146864,-3.901146864,0.821843705,0.363536115,1.113195506,-3.901146864,1.749830476,-3.901146864,-3.901146864,0.572627913,-3.901146864,1.389827742,-3.901146864,0.645387267,-3.901146864,1.632773921,-3.901146864,1.10214567,-3.901146864,0.645387267,-3.901146864,-3.901146864,0.679873444,1.19745585,1.033152798,-3.901146864,-3.901146864,0.836442504,0.66277901,-3.901146864,-3.901146864,0.408998489,0.128696524,0.713209864,0.452483601,0.93306934,-3.901146864,0.494156298,0.213253912,1.958922274,-3.901146864,-3.901146864,-3.901146864,0.494156298,0.591320046,0.919824113,1.021176607,0.959044826,-3.901146864,0.315908066,1.113195506,-3.901146864,0.430977396,-3.901146864,-3.901146864,1.187303478,-3.901146864,-3.901146864,0.791990742,0.265897646,1.124124577,0.340005618,0.553579718,0.408998489,0.534161632
602_T2,2.979504474,2.84446819,2.641452042,2.597447456,2.643909045,2.695325032,2.432960767,2.562126584,2.397490588,2.646360027,2.601296082,2.078447986,2.032030814,1.466173871,1.320618286,1.546522999,1.139217963,1.234025757,0.958000769,0.784908019,1.003315965,1.24402584,0.418057747,0.996966738,0.971158854,0.535840782,1.182467947,0.711405557,0.853375818,0.910534232,0.808255383,0.641201298,1.034471133,1.022125297,1.709041928,0.685653061,0.462509509,0.335170087,-4.380733523,0.35956154,0.889480823,0.555841449,1.58969517,0.535840782,-4.380733523,0.440530603,1.575510535,0.018258376,0.777002839,0.57544992,0.964601453,0.937933206,0.996966738,-4.380733523,0.889480823,0.668108751,0.383372189,-4.380733523,0.744741977,0.347440179,0.823522855,0.676919381,0.473320425,0.545891118,1.24898863,0.244786025,1.396042048,1.198216304,-0.051945883,0.924327554,1.370066561,0.406629051,0.555841449,0.694311123,0.585111831,0.545891118,0.258209046,0.659219804,0.462509509,0.505069124,0.231180373,0.83107006,0.244786025,0.429357302,1.531707913,0.418057747,0.505069124,0.115108202,0.632068814,0.494597824,0.145413552,1.338883634,0.632068814,-4.380733523,-4.380733523,0.594681282,-0.070295021,0.494597824,0.051594796,0.018258376,1.320618286,-4.380733523,0.57544992,-4.380733523,0.258209046,1.082384489,-4.380733523,0.231180373,-4.380733523,-4.380733523,0.018258376,-4.380733523,0.018258376,0.784908019,0.429357302,0.613549767,-4.380733523,0.505069124,0.555841449,0.258209046,1.088215409,1.187745004,0.622852159,0.115108202,0.035065494,0.494597824,0.418057747,1.218835591,0.297429759,0.525688411,0.115108202,0.083855659,0.217387051,0.525688411,-4.380733523,0.099604016,0.555841449,0.083855659,-0.033927377,-4.380733523,-0.070295021,0.958000769,-4.380733523,-0.088987154,-0.070295021,0.473320425,-0.421692908,-4.380733523,-4.380733523,0.244786025,-0.0162278,-0.127453435,-4.380733523,-0.188078057,0.494597824,0.694311123,1.022125297,-4.380733523,0.099604016,0.371537731,0.035065494,0.035065494,0.418057747,-4.380733523,0.244786025,-0.421692908,-4.380733523,-0.0162278,-4.380733523,-4.380733523,0.371537731,0.35956154,0.258209046,-0.188078057,0.555841449,0.297429759,0.555841449,-0.033927377,-4.380733523,-0.051945883,0.203400809,-4.380733523,-0.147256062,0.310168785,0.203400809,-0.108035349,-0.275089434,0.525688411,0.099604016,0.174827437,0.258209046,0.018258376
603_T2,2.659666906,2.484491072,2.535388719,2.422480997,2.449060635,2.490800241,2.368881306,2.308478685,2.338220654,2.262138347,2.252207779,2.144849261,2.122376405,1.415499032,1.499433483,2.063880198,1.557062596,1.222987484,1.206085673,0.28409692,0.650722195,1.194656977,0.610312657,0.839622723,1.026034265,0.640771864,1.165500393,0.58947857,1.287875106,0.194484761,0.918403601,0.620569157,1.222987484,0.708430513,1.544990015,0.806286303,0.717732905,1.15359549,0.255109383,-4.340502075,1.052881515,0.839622723,1.464947307,0.405049531,0.405049531,0.524238048,1.670391281,0.679992577,1.338906586,0.797775613,1.387459812,1.091847483,1.085457685,-4.340502075,1.01233542,0.339666771,-0.052375317,-4.340502075,1.135468106,0.557390255,0.512938493,1.032813952,0.998446308,0.823093421,1.611550781,0.780533806,1.615331504,1.611550781,0.240294297,0.871883585,1.715774287,0.871883585,0.240294297,0.298281555,1.039547984,0.557390255,0.855883244,0.736082044,0.699040772,0.489948974,-4.340502075,0.998446308,1.135468106,0.417628313,1.495187192,0.146475542,0.903136129,0.887631942,0.879788765,-0.226728704,0.630721528,1.600122085,0.546461185,0.501509797,0.466418477,0.610312657,-0.052375317,-0.180208688,-4.340502075,0.326061119,1.673956347,-4.340502075,0.512938493,-4.340502075,0.640771864,-4.340502075,-4.340502075,0.392310505,-4.340502075,-4.340502075,-4.340502075,0.162736063,-4.340502075,0.489948974,0.417628313,0.847786033,-4.340502075,0.708430513,0.670330666,0.762989497,1.549030424,1.387459812,-0.40905026,0.679992577,0.326061119,0.392310505,-4.340502075,1.45170208,0.847786033,0.57889646,0.269708183,0.113139122,0.679992577,0.060953369,-4.340502075,0.269708183,0.933441478,0.255109383,-4.340502075,-4.340502075,0.353089792,-4.340502075,-4.340502075,0.078652946,0.512938493,-0.275518868,-4.340502075,-4.340502075,1.45170208,0.814725171,0.024585725,0.353089792,-4.340502075,0.178736404,0.940876457,0.512938493,1.429229224,0.326061119,0.22525642,-4.340502075,0.442320925,0.512938493,0.024585725,-4.340502075,0.512938493,-0.40905026,-4.340502075,0.717732905,-4.340502075,-4.340502075,0.12994624,0.670330666,0.546461185,0.024585725,0.298281555,0.22525642,0.326061119,-4.340502075,1.66681346,0.925950806,0.501509797,-4.340502075,0.501509797,0.417628313,0.442320925,-4.340502075,0.146475542,0.501509797,-0.135756925,0.209988948,0.736082044,0.366335018
