OTUID,Category,1bbef1070bedf0db507fb6c7b5c28fff,54843b106b5061dc17ca8f371d357b44,ff3c4e848cb548750221af3deb5389dc,646c18c31a1f6154773b7b8e64b5c658,5171cbfbcd1781f0d7e7a7bdb94fb126,74803c74b50392f83753468b9235c931,2a2bbfefccc170850029ee0b903a7301,b90340baf132ddf80f4a342d544f1b03,e305ca72b43b91c7a701c947a71ef4b7,ad4f3211c1c7fd39e69c4a22600a9475,5a3a6d477b5fb489d2f7317edcd9b9cc,cf32fb1a1851ffab51de8b752990d321,0f54807ebcdb7fa491db917beeb3595e,3440e49bbd5cc4432ab49dd963d49bcd,cc3ff094f1c3297ae1c88cab123ca109,de99c650af737e28dff50e5c852ebb84,280f71fdbdabf1d2c4fd57cb3e93ed43,37835e4fbbd6bb6b2f6dbbbad70f9372,439e4f84c2a2e0c0f39e67ceabe0632a,7a82038a2a87643382fdc201dacb1009,97855d38c5ce75bc28db3201640ab0b2,88b905e812e0d73b7a740796f1969218,4c7ad9177b8f808b98713da6557b7bf1,4a9c16d3ce654f02a454cdea74b597bb,be43da52e9710f5f0179d39616a0cd02,b9c08a80084a5817a32ad811704367c4,af445601ff19932662af5c837b079065,e5180ec90317980d3120ca519bda5e5e,9262057290033adeed0ee63ad7d0870c,5316280028c25084443f731768aa5707,030b340f702523604f24be192ae18439,ae6f858a33e49815fcd83690ada389c8,dd9638b9f5a15e2a9d6394ad04444d21,e3e20348b3527232a0c237f9d7811f3c,6822dc1497ea5724bc61e02b3cf0511f,2e644a61d0aedb0afba39a04177de7f4,0cc8dadc34650e1d79815b5f3fab5efe,35782ee448589c93a59ce4719dafc0f2,36c7395784ef4aee8b64edeb937ba621,564bb4db498125e08f141d6e48c9dcc7,66bbba590630ffe63f0c083472189619,9fb556645444d1f9d5c124e5c343ee7b,0c7ce3bfe1a4347ffec132b70d3833a9,d4a552739e270b6188e83103b91ef909,562438981c3292e786f329b2c84e4cb7,6fee28a58b63200768d9fdbfaa9ebea1,577c52c4a197b72ab9b700df942d53f8,e19798f8cfd40879dd24a317312bde7b,e5e4068cb7d7c0101908b81c1106084c,40b98f89d88946c7fef1c79ce1ed80f8,0b2a2fd1108f186dc940c382e50a4846,932dcd7db9a5a0a103ad457d0b156708,fc340939384b5acd146d49441178af0e,b2c1c518a311037462a93c63f9dfdf95,f0238022104202ef0f46df5eee21eaf6,3ea92b169d61c716e986e62506994cdb,59989e04214c6c92107da205d77fd75a,fbd9cf7d3bc31c942a6499c91e061b6a,fec02dc924426ff759f6e00bf9d863ad,d72de21351327f57ef58860b9b39b81b,7bd0ac80d07d6f8fa2c963dfc59c31f2,6a126dc027a872af6bfe7fde7da6b492,e2016db4b16934f9f5dd4d170a365437,b4888df798f095ac7f14c614cc7a2a15,78f2a0e8a04135b8faff7e3ef1f9d88e,7c08724b21752e0ddb401a5a9a78554e,14aa1ed941114d87293f3a41fdca7ecd,dda8981fb4ba1813e13b6e63a8e26cd8,47efe892b8c48b5dd79f8bc3220443ca,7fd3cf7fb44c555f5cc0043be73104d8,20b09d01893b8fa0d699a4078565b7ef,9477eb2dee9e9d0bf0c8ae04c5ab9260,66666e2eba83ead26033d9a4a5edd08a,6f723b313dfe49e5e24e8273f0e69d06,60f65c58b8bc5dd66ab5db5c4522f964,1c346134371daba583451f711fe76e1a,83b377e12edb5bbda2b8d41e1739799d,1552406084b0c0c1f3c2e5dd59265a9b,8f19d22ebcd241e17844dd9bf34c18ef,b734bb8187882c0b6042f08b266d289b,c3034f7a46ce932a7a3ef1255f9013dd,a94ae003db4efaa9f3379eeef09d600a,56ec5cc4d0cb832b82c19eec85fb15d5,a768ef445da67c4bbf1c83a6aef3d643,422b0a2f5cff0e07d7622bb32bc50a60,0a5e1e76e629468d95cf7103e11cca8c,b2277dc80154f9fa4959f5812d34ac5f,a981780d86465164f5ccce93bff9b789,699ac093197820865775e3a63392123b,204e510b011e864f299cf4993d478c85,cb74f8bb7e9d69867067f18ae8850d0e,6b069274a2abb8ee3dfc7025d059b68b,39b44a0646335aecc771eb7d8d5fb921,c3a928d25543d20d1e561c9db95c8a66,d2722b732f9ee6167db34ed6c94232b6,118108e102c809deccf452084c5b5748,8a8f453c27cfdc48c0f1ec1df064f0e0,0b25ff0a69ccb93866917a823f656ecb,479d827e7080273054d5eee9df534cd0,da786ad5e1ccbea0303e67a2418737c4,26f30d52a432c32faa6d7d141ee3a18b,6475c47b748a82b4e2a02f04f942e9c2,c54baab6bd2aa64d75a9b647df7fc8ba,47e13ed5a6f8712dc0cd439dca1aa08c,49d0d7e93b41e4ce4b94977c249ae7ef,a1c837c6bf98326013d7e6a23be688ba,d128f82e71088e4388bee4610f4cf4de,aa85a46ae600176364457edfc6ae2014,7513845831df8ed971745f71a4ac3fb1,bc3d4362a4202a212746fb992ef35d51,b00cdc369507236544dccb3804880bf0,775cc730ba255ad487e21b5050a032e7,a101944cfe22d9ca0abe99f03b51979e,a806f4b5cbda39695fa5af7029a1ef70,7dd186109500fdf8336153937b355042,0d697156cd5695480f8ac2012036bd30,f9b73ab4681e67d2ef74d706e6074134,40677315a80052365769b4fe4a08bb58,7405e70dbbe809a04a3a6a585a506592,80220c4ff96f8950628142a2e581fd1e,2d04c56322be32271ee897844ff844ec,34593bd017efc5340d8a2d64671c3efc,b152d979074da990d9b489280af52965,12fe30572e040f588e9fd11cd8524ad8,8c7e26b63087ee256be111b0093d6f3e,fb3fc6723c3ed135648168e874291b8b,9a005f654d554847dd197ce28acd7476,62f956bffd6dd11d727e7e05deb08add,308e2cd842a38e889cb29cc39670604a,871cf568d041427a5faf28dec39e9f1a,d6aa4703dcc37126784cace0f17fe204,683398d19cd86e3d4c6eca2ad9cb9d9d,6cd3980e7cd587efaf7551ff2df4b377,f3cd6871041f059c8b3608e62a69b19b,37e0848ac386170603ffb706f4971fa6,ce8d166eac2f7d8c188a49987496132a,368534e4ba12b1880d2ca645975eaaee,b4a5ddff3bac30057aed6619ae3495c8,2caebef349ad9071b347ee889132bf16,4293a84720569009161eb26dc6cba31c,58142a21a2ce875ecd97114427fad0b4,7cb6594e34ff2b92d963306ce75026d2,0a5539fc1f0a39865338cfa87471f9e5,82cab18a85ae8bbdfe9ce40bbe451a40,f42b579011c768251beae368856bdd63,a43d99627a9f5227ca59ef788262709c,c9573ca9f79a60bebe180aa0e6b690cc,52d40ef8233eeae14230f3a6bca894f2,555d1b0301f45e832309bc3e605d343b,9ff00bb4afcb31850acf80e8bee165d8,6e1a89b33524e911a2fd887042520340,fcb584478e8e461079485a33b813844f,5ce3cfc1986bb75f1c5caad13371560e,197dbf299ba610094ec0373d4032a520,07459a23004d839533d9cb04f3bda700,4558ab7a03aa8ef8fc229c91a617f4d9,f88e7637ec364e52e2f706914ba356fb,bdb2e15ceec8fffb7828937fc693cccf,e6b01b0ad4ed8bce1f814c169cbc3a0f,9b7931d08c62607249fe12c2b5769e79,4452885f601b589ea8a73c3b2e809558,fc9b91016b3b32f0c41f9a1e093bda80,d08ea27f7d751d71aef662d24ca84d62,12a99a655ea1b8de195d606164510143,add6feb7ab50d5292ffdc30d3d8cbcb7,3e5c8bf7fcc6ac8b3583d8ea5c5ed52b,2fcfa1edfa38d4a8f337248ce5667dc5,a2c4afd5213886bde2df4b720b55f0b1,f6ab9905c1ae9135e96bfbf1df42f1a3,578d787ea76ac5f3e84a3dbf6ec1e94f,42264f85b88d55214c083f2afc749190,51e8edf671ca50b4fbc43f4c3ec9f50c,7fdcb69d17695ed0f869fde7ea0a45e4,c7378e96ee51ba53a0f9238c791bb6f1,bd76b3bf06c313c1ff0c28a27411f377,1d50ba1b3f738ce7d2054ef0c39dc0d5,53cff25bf22ec0f1bf93f5d87888eb3a,c5a61c5fb97d83ce12aeea183f56628f,c3e4bcdf3c0c098f667e70290a45333c,b96beaf149285190892f2b812436d6e1,4b97cbe0d243e108b5870789059ed0d7,6e70fa72e2dfa67e83ae0b2ccfb64afa,f98d979df04d330a67fb4e5b98ca104d,689c12390c09b9a29cf4fb872b49edd9,fb4ab06d1dfa87af3bbfa3cdfa43065e,5b11801bb8adfc9ff5e1a1960d96bc16,4b28010a343b8f259cd4e8f4c91672c8,c00da10f7b1c5103b343824f9ff5937b,f969f77024f652bdd33ca8aa4d348a91,7db509e298401edfc42514f0e35a48bd,31104eba47b7c647b4712e33dfeb786b,e2ef7cb559b4796a5ecbf979b2c6c47c,
570.T5,Placebo,4.215877792,4.402414721,4.441782504,4.316619361,4.154100432,4.126769538,4.227332671,4.014951047,4.061727112,3.726329566,3.668286197,3.384580272,3.680167524,2.787224157,2.870221076,3.52732832,2.979115164,2.83418114,2.054856263,-2.90039442,2.285967984,2.150166443,-2.90039442,-2.90039442,3.254821046,3.290327734,2.664621834,2.852363459,2.777562246,3.676222746,2.68612804,-2.90039442,2.362340963,1.949495747,2.664621834,3.010367708,3.518111665,2.896423449,2.23717782,3.254821046,2.486638679,-2.90039442,-2.90039442,-2.90039442,2.150166443,2.748003443,-2.90039442,-2.90039442,2.549552505,2.757953774,2.631469627,2.054856263,2.524859892,-2.90039442,-2.90039442,2.979115164,-2.90039442,-2.90039442,2.419499376,-2.90039442,2.185884525,2.185884525,-2.90039442,-2.90039442,-2.90039442,-2.90039442,1.971474654,1.831712712,-2.90039442,2.014034268,2.963114823,-2.90039442,2.113125171,-2.90039442,2.473566598,-2.90039442,-2.90039442,-2.90039442,-2.90039442,3.400328629,-2.90039442,-2.90039442,2.806272352,-2.90039442,-2.90039442,2.014034268,-2.90039442,-2.90039442,1.75375117,-2.90039442,-2.90039442,3.436138082,-2.90039442,2.168184948,2.23717782,-2.90039442,-2.90039442,-2.90039442,-2.90039442,3.722563083,-2.90039442,-2.90039442,-2.90039442,-2.90039442,-2.90039442,-2.90039442,-2.90039442,2.317220527,-2.90039442,2.347525877,2.253707122,1.904033373,2.094076976,-2.90039442,2.767806071,2.332487999,-2.90039442,-2.90039442,3.242699685,-2.90039442,1.780419417,-2.90039442,-2.90039442,-2.90039442,1.949495747,-2.90039442,-2.90039442,-2.90039442,2.391328499,-2.90039442,2.405513134,2.896423449,-2.90039442,-2.90039442,-2.90039442,2.631469627,-2.90039442,-2.90039442,-2.90039442,2.707181449,1.831712712,2.07465889,2.253707122,-2.90039442,1.669193782,3.809259946,2.963114823,-2.90039442,-2.90039442,-2.90039442,-2.90039442,1.576820462,2.787224157,-2.90039442,-2.90039442,-2.90039442,-2.90039442,2.524859892,-2.90039442,1.438670123,2.168184948,-2.90039442,-2.90039442,-2.90039442,2.696710149,-2.90039442,2.376939762,1.904033373,2.203276268,-2.90039442,-2.90039442,-2.90039442,3.441150624,1.438670123,3.35231941,-2.90039442,-2.90039442,-2.90039442,2.473566598,-2.90039442,-2.90039442,2.376939762,-2.90039442,2.963114823,-2.90039442,-2.90039442,1.806394904,-2.90039442,-2.90039442,-2.90039442,-2.90039442,-2.90039442,-1.68487E-12
571.T5,Placebo,3.765617343,3.788410353,4.146774011,3.996225758,3.610024702,3.97073191,3.90775711,3.582719251,3.879871907,3.384352704,3.341242581,2.886105863,3.075347862,2.843546248,2.9335724,3.224560261,3.194407222,1.867536282,2.459587346,2.836273489,-3.096716431,2.043426948,3.514714522,2.105947305,-3.096716431,-3.096716431,1.787493574,-3.096716431,2.37063986,2.135800268,1.867536282,-3.096716431,2.416102234,1.828315569,1.499811502,1.959343831,-3.096716431,3.371613679,-3.096716431,-3.096716431,1.867536282,1.941644254,2.206752004,2.17897244,2.233780677,-3.096716431,1.848118196,1.766440165,2.459587346,2.946730485,2.192958682,2.164787805,2.043426948,-3.096716431,-3.096716431,-3.096716431,2.206752004,-3.096716431,2.247025904,-3.096716431,1.700482197,-3.096716431,-3.096716431,2.43808114,-3.096716431,-3.096716431,-3.096716431,1.808112861,-3.096716431,1.993830007,2.090679833,-3.096716431,1.941644254,2.027166427,1.722955053,-3.096716431,3.409354007,-3.096716431,-3.096716431,1.886584477,2.37063986,1.653962182,2.135800268,-3.096716431,-3.096716431,3.14740118,3.199496292,2.090679833,2.027166427,3.131228321,-3.096716431,2.42715207,-3.096716431,-3.096716431,1.700482197,-3.096716431,-3.096716431,-3.096716431,1.700482197,2.768322827,2.607640445,-3.096716431,1.700482197,-3.096716431,-3.096716431,3.371613679,-3.096716431,-3.096716431,-3.096716431,2.616772929,-3.096716431,3.052091,2.480640755,-3.096716431,2.551021551,2.150399068,2.247025904,-3.096716431,-3.096716431,-3.096716431,1.808112861,1.62986463,-3.096716431,-3.096716431,2.857934986,-3.096716431,2.806641691,-3.096716431,-3.096716431,-3.096716431,-3.096716431,1.787493574,-3.096716431,-3.096716431,-3.096716431,-3.096716431,-3.096716431,-3.096716431,-3.096716431,2.027166427,2.712083109,2.17897244,2.164787805,3.178982752,-3.096716431,-3.096716431,-3.096716431,-3.096716431,-3.096716431,3.249011357,-3.096716431,2.150399068,2.150399068,-3.096716431,-3.096716431,-3.096716431,-3.096716431,2.541265377,-3.096716431,-3.096716431,2.260097985,-3.096716431,-3.096716431,-3.096716431,-3.096716431,-3.096716431,2.335133171,-3.096716431,2.43808114,-3.096716431,-3.096716431,3.441745502,-3.096716431,1.828315569,-3.096716431,3.204559594,2.05942729,-3.096716431,2.470169455,2.416102234,-3.096716431,2.323011811,1.677492679,2.010637125,-3.096716431,-3.096716431,-3.096716431,2.135800268,3.445721651,2.978887596,-3.096716431,-3.096716431,-1.68754E-12
572.T5,Placebo,4.274053458,-3.250372803,-3.250372803,-3.250372803,-3.250372803,-3.250372803,-3.250372803,-3.250372803,-3.250372803,-3.250372803,-3.250372803,3.135355642,3.085030558,2.31827156,2.398314268,2.909139891,2.231260183,2.829097184,1.870246837,2.939445241,3.183268997,2.411053293,-3.250372803,2.184740167,2.760104312,2.877887348,2.803779376,2.869919178,2.666578254,-3.250372803,2.837395987,-3.250372803,2.231260183,3.32480917,1.825795075,2.030589488,-3.250372803,3.011418741,-3.250372803,2.261113146,2.518942255,-3.250372803,1.625124379,-3.250372803,2.359093555,2.76899326,2.636725291,3.110509643,1.779275059,2.714434275,2.595482333,1.848267931,1.953628446,-3.250372803,2.777803889,-3.250372803,1.507341344,-3.250372803,-3.250372803,-3.250372803,3.159599253,2.200488524,2.742085807,2.563394018,1.567965966,-3.250372803,1.891753043,1.679191601,2.931954569,1.848267931,-3.250372803,3.018339183,3.078558043,-3.250372803,2.47242224,-3.250372803,2.732953323,2.676334429,3.267352115,2.24629806,2.436054596,2.102048452,2.646775627,2.275711946,1.912806452,-3.250372803,2.24629806,1.802805557,1.779275059,2.31827156,-3.250372803,2.152479305,2.901417845,-3.250372803,-3.250372803,-3.250372803,3.104200474,-3.250372803,2.011897355,2.275711946,-3.250372803,-3.250372803,1.933425739,1.679191601,2.595482333,-3.250372803,-3.250372803,-3.250372803,-3.250372803,2.460446049,2.47242224,2.786537569,1.891753043,2.47242224,2.495952737,1.596953502,-3.250372803,3.123009806,2.215992711,2.460446049,1.933425739,2.646775627,2.853789796,2.048938626,-3.250372803,2.853789796,2.200488524,3.097851246,-3.250372803,-3.250372803,1.442802823,-3.250372803,-3.250372803,-3.250372803,-3.250372803,-3.250372803,1.891753043,-3.250372803,1.99284916,-3.250372803,-3.250372803,2.31827156,2.411053293,-3.250372803,-3.250372803,2.676334429,3.183268997,-3.250372803,-3.250372803,1.825795075,-3.250372803,3.141471869,2.304285318,-3.250372803,1.912806452,-3.250372803,-3.250372803,2.168739826,-3.250372803,-3.250372803,1.825795075,-3.250372803,-3.250372803,-3.250372803,-3.250372803,-3.250372803,2.200488524,1.507341344,2.066957132,-3.250372803,2.723736668,-3.250372803,-3.250372803,-3.250372803,-3.250372803,-3.250372803,-3.250372803,2.048938626,1.848267931,-3.250372803,-3.250372803,2.436054596,-3.250372803,-3.250372803,-3.250372803,-3.250372803,-3.250372803,-3.250372803,3.245612128,-3.250372803,2.030589488,-3.250372803,-2.22267E-12
573.T5,Placebo,3.797589145,3.680479737,3.159501742,3.544347563,3.558140885,3.438215145,3.046173057,3.179704449,3.011285798,3.252025111,3.370324809,3.71911753,3.585169558,2.999380895,2.83721414,3.011285798,2.198875196,3.382645293,3.537378894,-3.022848472,3.068772889,2.668878826,3.640288857,-3.022848472,2.516116071,-3.022848472,3.057536815,3.935826429,2.693571438,-3.022848472,3.138882455,3.1124957,2.626319211,1.773207381,1.793410088,2.918339685,3.051871078,-3.022848472,3.476098462,2.335734379,2.858120825,2.677177628,2.771736211,-3.022848472,-3.022848472,2.858120825,1.570266537,2.129882325,2.652071707,2.608774902,2.823029505,-3.022848472,1.958924527,-3.022848472,2.885333389,-3.022848472,3.630780069,-3.022848472,2.250834935,3.362026006,-3.022848472,2.392246589,2.572734965,2.685408128,2.071041825,-3.022848472,1.752588094,-3.022848472,-3.022848472,2.250834935,-3.022848472,2.516116071,3.090873236,-3.022848472,2.476506933,3.581830656,2.129882325,2.263413718,-3.022848472,2.212120423,-3.022848472,2.40317566,-3.022848472,1.793410088,2.617585531,-3.022848472,2.263413718,2.158053202,-3.022848472,-3.022848472,-3.022848472,3.057536815,-3.022848472,-3.022848472,1.544948729,3.011285798,3.7103327,-3.022848472,-3.022848472,-3.022848472,-3.022848472,-3.022848472,-3.022848472,-3.022848472,-3.022848472,-3.022848472,3.194593062,-3.022848472,-3.022848472,2.581867449,-3.022848472,-3.022848472,-3.022848472,2.100894788,-3.022848472,-3.022848472,-3.022848472,-3.022848472,2.250834935,-3.022848472,-3.022848472,-3.022848472,-3.022848472,1.688049573,3.051871078,2.300227691,-3.022848472,2.725574169,2.28810633,-3.022848472,2.634977274,-3.022848472,1.832630801,2.456098061,-3.022848472,-3.022848472,2.055774353,-3.022848472,-3.022848472,-3.022848472,-3.022848472,-3.022848472,-3.022848472,-3.022848472,-3.022848472,-3.022848472,-3.022848472,-3.022848472,-3.022848472,2.23809591,1.870371129,-3.022848472,-3.022848472,-3.022848472,1.924438351,-3.022848472,1.906738774,3.578480569,3.02888156,-3.022848472,1.518973243,-3.022848472,1.464906021,-3.022848472,3.938171096,1.570266537,-3.022848472,1.941830093,-3.022848472,-3.022848472,-3.022848472,-3.022848472,2.771736211,-3.022848472,-3.022848472,2.071041825,-3.022848472,-3.022848472,-3.022848472,2.70970082,-3.022848472,-3.022848472,-3.022848472,-3.022848472,-3.022848472,1.813212716,2.911825004,-3.022848472,1.492304996,-3.022848472,-3.022848472,2.435263974,-2.37854E-12
574.T5,Placebo,3.334465362,3.324394783,3.239956464,3.448008739,3.100745031,3.201792461,3.342449436,3.28517407,3.162113978,3.08543861,2.917917017,2.784819746,2.808834623,1.909351009,2.041840192,2.705355575,2.091672566,1.326551886,1.341366971,0.883059382,1.465664688,1.756588255,-3.733330692,1.311514008,1.264993993,-3.733330692,1.632718773,2.399973926,1.465664688,1.216203829,1.43934738,2.275150861,1.610495636,1.78529836,1.858057715,1.110843313,1.182302277,1.147210957,-3.733330692,0.972006868,1.23273313,1.654458759,1.803990493,0.705378205,-3.733330692,-3.733330692,1.775819616,1.384539143,1.665154049,1.452592607,1.552676065,1.19939671,1.654458759,-3.733330692,1.013679564,1.706826745,0.950500663,-3.733330692,1.576206563,2.28664524,1.643647843,1.564510523,1.013679564,1.78529836,1.675736158,1.053684899,1.696570245,1.840358138,1.326551886,1.311514008,1.74683208,1.341366971,1.675736158,-3.733330692,1.610495636,2.197033082,1.182302277,-3.733330692,-3.733330692,1.053684899,1.164910534,1.875449457,-3.733330692,0.883059382,1.706826745,-3.733330692,1.19939671,1.425924359,1.09215118,0.732777179,2.049112951,1.632718773,-3.733330692,-3.733330692,-3.733330692,2.012208395,-3.733330692,1.599196081,1.09215118,-3.733330692,1.716979116,2.515486813,-3.733330692,-3.733330692,0.972006868,-3.733330692,-3.733330692,-3.733330692,-3.733330692,2.012208395,1.341366971,-3.733330692,0.950500663,0.785420912,0.9060489,1.552676065,-3.733330692,-3.733330692,1.552676065,1.013679564,1.576206563,1.794688101,2.221725694,1.355965771,0.785420912,1.716979116,1.248993651,1.675736158,1.632718773,-3.733330692,0.883059382,2.105465888,1.311514008,1.552676065,-3.733330692,-3.733330692,1.19939671,-3.733330692,0.993060277,1.813207149,0.835431333,0.835431333,-3.733330692,1.296246536,-3.733330692,-3.733330692,2.158811869,-3.733330692,-3.733330692,1.675736158,1.164910534,0.587595169,1.665154049,1.412318707,1.465664688,-3.733330692,1.552676065,-3.733330692,-3.733330692,-3.733330692,0.785420912,-3.733330692,0.883059382,-3.733330692,-3.733330692,-3.733330692,-3.733330692,1.248993651,-3.733330692,-3.733330692,-3.733330692,0.835431333,1.425924359,1.326551886,-3.733330692,1.452592607,0.257353482,0.835431333,-3.733330692,-3.733330692,1.892543891,1.311514008,-3.733330692,-3.733330692,-3.733330692,-3.733330692,1.97388953,-3.733330692,-3.733330692,-3.733330692,1.43934738,-3.733330692,-1.68487E-12
575.T5,Placebo,3.542681158,3.664955396,3.342720942,3.191171044,3.280956348,3.247150311,2.847399505,2.997880456,2.913539307,3.026867992,3.019699503,3.244280869,3.147820603,2.539572866,2.670193049,2.776573452,2.204262745,2.333720812,2.204262745,-3.513467181,1.997248575,1.966789368,-3.513467181,2.064907224,1.774105024,1.846425686,2.083426272,2.267275712,2.441934397,-3.513467181,1.798797637,-3.513467181,2.154252324,1.535213116,1.89188806,1.735883811,1.857986508,2.347905447,-3.513467181,2.25961284,1.654758266,2.633825404,1.977045868,2.758054404,-3.513467181,2.48582859,2.007198906,1.846425686,1.880714759,1.581733131,1.977045868,1.654758266,2.368812132,-3.513467181,1.945955281,1.055640035,-3.513467181,-3.513467181,1.709566503,-3.513467181,1.596771009,1.857986508,1.566465659,2.092558755,1.72281173,-3.513467181,1.774105024,1.566465659,-3.513467181,1.822895188,1.786527544,1.997248575,1.242225991,-3.513467181,1.626184894,1.343322108,1.977045868,1.469615833,-3.513467181,1.283898687,1.343322108,2.017051203,1.550961473,1.242225991,2.046038739,-3.513467181,1.550961473,1.913866966,1.220719786,-3.513467181,-3.513467181,1.709566503,-3.513467181,-3.513467181,-3.513467181,1.945955281,3.016095895,2.326552322,1.566465659,-3.513467181,1.68253783,-3.513467181,2.491944817,-3.513467181,1.304101395,2.556864363,-3.513467181,1.798797637,-3.513467181,-3.513467181,-3.513467181,-3.513467181,-3.513467181,1.435129657,-3.513467181,1.242225991,-3.513467181,-3.513467181,1.2632794,1.4525214,1.399411575,1.566465659,-3.513467181,0.975597328,1.654758266,1.798797637,-3.513467181,1.469615833,-3.513467181,-3.513467181,1.242225991,1.469615833,-3.513467181,1.924677882,-3.513467181,3.115663491,1.611586094,-3.513467181,-3.513467181,2.064907224,1.709566503,-3.513467181,0.793275771,-3.513467181,1.611586094,-3.513467181,2.092558755,-3.513467181,-3.513467181,1.640573631,2.68034542,1.323904022,2.68034542,-3.513467181,1.581733131,1.220719786,1.198740879,2.521977104,-3.513467181,-3.513467181,-3.513467181,-3.513467181,2.154252324,-3.513467181,-3.513467181,-3.513467181,1.786527544,-3.513467181,-3.513467181,-3.513467181,-3.513467181,-3.513467181,2.700346087,1.304101395,-3.513467181,1.834729646,-3.513467181,0.483120843,-3.513467181,-3.513467181,-3.513467181,-3.513467181,1.566465659,2.361891689,-3.513467181,-3.513467181,0.975597328,1.469615833,-3.513467181,-3.513467181,1.283898687,-3.513467181,-2.87903E-12
576.T5,Placebo,-3.181054284,3.232848331,-3.181054284,-3.181054284,-3.181054284,3.003662465,1.617368104,-3.181054284,-3.181054284,2.451593883,-3.181054284,2.310515285,2.64264912,2.490308395,2.598197357,2.620670213,2.451593883,2.47756937,2.411319984,-3.181054284,2.80299177,-3.181054284,-3.181054284,-3.181054284,2.109844589,2.52757979,2.620670213,2.502887178,2.575207839,1.617368104,2.52757979,-3.181054284,-3.181054284,2.745833356,2.908352286,2.609496913,2.765251442,2.908352286,-3.181054284,1.992061554,1.971008145,2.765251442,2.715980393,2.80299177,-3.181054284,2.609496913,2.784299637,-3.181054284,-3.181054284,2.47756937,2.674737434,3.033515429,2.774820893,-3.181054284,2.411319984,1.647221067,-3.181054284,3.285646517,3.514488089,-3.181054284,2.821340909,-3.181054284,2.47756937,2.397526662,2.664155325,3.726662609,2.933044898,2.891545167,-3.181054284,-3.181054284,2.874450734,2.821340909,2.812208425,-3.181054284,2.295247813,2.012680841,2.80299177,2.340368248,-3.181054284,-3.181054284,2.310515285,2.908352286,2.502887178,-3.181054284,2.715980393,2.755589531,2.354967047,2.745833356,-3.181054284,-3.181054284,-3.181054284,2.464665965,1.554847747,-3.181054284,-3.181054284,-3.181054284,-3.181054284,-3.181054284,2.397526662,-3.181054284,2.839359414,2.109844589,-3.181054284,-3.181054284,2.490308395,-3.181054284,-3.181054284,-3.181054284,2.012680841,2.745833356,-3.181054284,-3.181054284,2.354967047,2.163911811,2.38354042,-3.181054284,-3.181054284,-3.181054284,-3.181054284,2.032883548,2.515309698,2.598197357,3.438980537,3.250759258,-3.181054284,2.551677342,2.451593883,2.745833356,2.64264912,2.73598106,3.567597915,2.965047629,2.793689377,2.072104261,-3.181054284,-3.181054284,-3.181054284,-3.181054284,2.263995269,-3.181054284,-3.181054284,2.755589531,2.916651088,-3.181054284,2.563511799,-3.181054284,-3.181054284,-3.181054284,-3.181054284,1.647221067,-3.181054284,-3.181054284,2.821340909,-3.181054284,-3.181054284,-3.181054284,2.354967047,3.033515429,-3.181054284,-3.181054284,-3.181054284,-3.181054284,-3.181054284,-3.181054284,-3.181054284,-3.181054284,2.784299637,2.52757979,2.857058991,-3.181054284,-3.181054284,1.882060659,1.554847747,-3.181054284,3.151298464,1.992061554,-3.181054284,1.882060659,2.821340909,-3.181054284,3.16428566,2.908352286,-3.181054284,-3.181054284,-3.181054284,-3.181054284,-3.181054284,-3.181054284,-3.181054284,-3.181054284,-3.181054284,2.653460036,-1.38511E-12
577.T5,Placebo,-3.101532009,-3.101532009,-3.101532009,3.707701919,-3.101532009,-3.101532009,-3.101532009,-3.101532009,-3.101532009,-3.101532009,-3.101532009,3.097936347,3.105904517,2.960970492,3.097936347,2.942451444,3.031796544,2.053812244,2.276955795,-3.101532009,2.884743127,2.220866328,4.068715264,2.518117852,-3.101532009,2.44400988,2.489130315,2.412757336,2.664071764,-3.101532009,2.573687703,-3.101532009,-3.101532009,2.914013509,2.380496474,2.396756995,2.735530728,2.053812244,2.854590088,2.92358296,2.276955795,2.712273866,2.396756995,-3.101532009,2.812917392,2.503729114,2.60035595,2.802222103,-3.101532009,-3.101532009,2.489130315,2.76943228,-3.101532009,-3.101532009,-3.101532009,-3.101532009,-3.101532009,-3.101532009,3.597498778,-3.101532009,2.76943228,3.211265032,3.273568916,-3.101532009,2.201448242,-3.101532009,2.676341857,2.474315229,-3.101532009,-3.101532009,2.780482116,2.573687703,2.86474246,3.61673014,2.2949743,-3.101532009,2.780482116,2.076285099,-3.101532009,-3.101532009,2.854590088,-3.101532009,2.44400988,-3.101532009,2.119770211,2.791411187,-3.101532009,2.854590088,-3.101532009,-3.101532009,-3.101532009,2.258606656,1.933184256,2.894595423,2.688463217,-3.101532009,-3.101532009,-3.101532009,2.688463217,-3.101532009,2.428505693,-3.101532009,3.489978435,-3.101532009,1.824970671,-3.101532009,-3.101532009,2.676341857,-3.101532009,2.639070462,2.007292228,2.746959424,2.884743127,3.440106605,-3.101532009,-3.101532009,-3.101532009,-3.101532009,2.518117852,2.363967172,2.347160054,2.380496474,-3.101532009,2.380496474,2.823499501,-3.101532009,2.639070462,2.33006562,2.676341857,2.380496474,-3.101532009,2.560082051,2.474315229,-3.101532009,3.489978435,-3.101532009,-3.101532009,-3.101532009,2.833970801,2.86474246,-3.101532009,2.914013509,2.970102975,-3.101532009,2.532302487,3.344796425,3.537480769,-3.101532009,-3.101532009,-3.101532009,-3.101532009,2.560082051,2.587110723,-3.101532009,-3.101532009,-3.101532009,1.880540522,2.960970492,-3.101532009,-3.101532009,-3.101532009,-3.101532009,-3.101532009,-3.101532009,-3.101532009,-3.101532009,2.960970492,2.651649244,2.700439409,-3.101532009,-3.101532009,2.030822725,1.958502064,2.613428032,-3.101532009,-3.101532009,-3.101532009,2.735530728,2.823499501,-3.101532009,3.057114352,2.780482116,2.639070462,-3.101532009,1.703609814,-3.101532009,-3.101532009,-3.101532009,-3.101532009,-3.101532009,-3.101532009,-3.101532009,-1.59606E-12
578.T5,Letrozole,3.835677503,3.975700803,3.639228567,4.029951393,3.784278729,3.460801854,3.250692521,3.4342124,3.372464393,3.120239632,3.35317119,2.9557902,3.012143137,2.053888206,2.359269855,2.698245222,2.100408221,2.490605857,2.053888206,-3.36067957,1.59336332,2.722937835,-3.36067957,2.564713829,2.166366189,-3.36067957,2.543052333,1.574315125,2.341570278,-3.36067957,2.571831297,-3.36067957,1.612055453,2.029790654,1.574315125,1.360741025,2.418861952,1.612055453,-3.36067957,1.812726149,2.393756031,2.314419289,2.053888206,-3.36067957,3.039171809,2.896070965,2.267462306,2.55754534,1.94055952,-3.36067957,2.176948298,2.197782385,-3.36067957,-3.36067957,1.78195449,2.916376232,-3.36067957,2.776363001,1.979780234,2.133930913,1.612055453,1.360741025,-3.36067957,2.505873329,2.065722663,-3.36067957,1.59336332,2.122881077,-3.36067957,1.119578968,1.857177911,1.966876829,1.178419468,-3.36067957,1.857177911,2.267462306,1.59336332,-3.36067957,2.640351244,1.360741025,2.029790654,1.857177911,1.473219009,1.953804747,2.053888206,-3.36067957,1.648423098,2.467258493,-3.36067957,-3.36067957,2.735059195,2.053888206,1.451712803,-3.36067957,-3.36067957,-3.36067957,2.880566779,-3.36067957,1.78195449,-3.36067957,1.717415969,-3.36067957,1.827764026,-3.36067957,1.311950861,-3.36067957,-3.36067957,-3.36067957,-3.36067957,1.630404592,-3.36067957,-3.36067957,1.59336332,-3.36067957,2.435255762,-3.36067957,-3.36067957,-3.36067957,1.630404592,1.429733897,1.260657567,1.473219009,-3.36067957,-3.36067957,-3.36067957,2.816028258,1.260657567,-3.36067957,1.899737526,-3.36067957,1.360741025,-3.36067957,1.057058611,-3.36067957,-3.36067957,-3.36067957,1.666122675,-3.36067957,-3.36067957,2.376661598,2.323551773,1.233989319,2.368003535,-3.36067957,1.717415969,1.574315125,2.029790654,-3.36067957,-3.36067957,1.178419468,-3.36067957,2.41056315,-3.36067957,-3.36067957,1.666122675,2.83255756,1.407261041,1.683514417,-3.36067957,-3.36067957,-3.36067957,-3.36067957,1.286633053,-3.36067957,-3.36067957,1.057058611,2.041912015,1.360741025,-3.36067957,-3.36067957,2.679317212,1.206590345,2.208038885,-3.36067957,-3.36067957,1.178419468,-3.36067957,-3.36067957,1.311950861,2.41056315,1.286633053,1.666122675,-3.36067957,-3.36067957,-3.36067957,1.429733897,-3.36067957,-3.36067957,-3.36067957,-3.36067957,-3.36067957,-3.36067957,-2.14495E-12
580.T5,Letrozole,2.423133038,2.262013689,2.00869926,2.103190103,2.061342993,2.00869926,1.561848935,2.044101187,1.681195693,2.00869926,2.01766793,3.151371538,2.836503325,2.848245143,2.852128643,2.446663535,2.233642992,2.933958662,2.233642992,2.933958662,-3.564643458,2.622179038,1.765077177,1.85304595,1.831768552,2.908640854,2.779807982,2.651027192,2.399035486,-3.564643458,2.77563261,3.11329959,2.189518187,2.788106785,2.783965992,1.575835177,1.668616911,2.399035486,2.399035486,1.561848935,1.810028565,2.035367507,2.724119076,-3.564643458,-3.564643458,2.607436756,2.617289052,-3.564643458,1.5896285,2.296381332,2.452460653,1.5896285,1.64297448,-3.564643458,1.616657172,-3.564643458,-3.564643458,0.825529583,2.086660801,-3.564643458,-3.564643458,1.533275563,1.324520749,1.376706502,2.492125909,1.914289575,2.582372787,2.368073261,1.798978729,2.174366382,2.119450624,1.981300285,-3.564643458,-3.564643458,1.904339244,2.651027192,1.962608152,1.904339244,-3.564643458,2.026556877,-3.564643458,1.269460972,2.174366382,-3.564643458,2.551442486,-3.564643458,1.473556328,1.776505873,1.036838677,-3.564643458,2.181970981,2.524915732,-3.564643458,-3.564643458,-3.564643458,2.551442486,2.392919259,-3.564643458,2.551442486,1.705888306,2.262013689,2.361764091,-3.564643458,2.844346503,1.190989356,-3.564643458,-3.564643458,-3.564643458,1.933898047,1.442303785,2.069853683,-3.564643458,-3.564643458,1.230994691,1.681195693,1.442303785,-3.564643458,1.190989356,1.873880037,1.127810455,1.765077177,2.119450624,1.981300285,-3.564643458,-3.564643458,1.884136537,-3.564643458,1.705888306,1.5896285,-3.564643458,1.884136537,-3.564643458,-3.564643458,2.166703509,-3.564643458,1.842463841,1.458052142,1.211192064,-3.564643458,0.825529583,-3.564643458,1.741820315,1.924141872,-3.564643458,-3.564643458,1.729985857,0.936755218,-3.564643458,-3.564643458,2.28277568,-3.564643458,-3.564643458,1.924141872,-3.564643458,-3.564643458,-3.564643458,2.052759249,-3.564643458,1.603234152,2.486554864,-3.564643458,-3.564643458,-3.564643458,1.810028565,-3.564643458,-3.564643458,1.211192064,1.250412777,1.306502244,-3.564643458,1.729985857,-3.564643458,1.741820315,-3.564643458,-3.564643458,1.629902399,-3.564643458,-3.564643458,1.036838677,-3.564643458,-3.564643458,-3.564643458,-3.564643458,-3.564643458,-3.564643458,-3.564643458,1.211192064,-3.564643458,-3.564643458,2.349025066,-3.564643458,-3.564643458,-2.34124E-12
581.T5,Letrozole,3.609837372,3.244939449,2.941848751,3.036594118,3.153749211,2.85765666,2.596642834,2.87107968,2.560924752,2.884324907,2.935618201,3.609837372,3.276544788,3.053401237,2.850876973,2.978438198,2.424792577,3.173650365,2.672628741,2.079952091,2.551792268,2.735641709,3.787370412,2.596642834,2.750793514,2.794918319,3.002107942,2.455564236,2.72025679,2.291261185,2.954194587,3.782022806,2.137110505,2.349080756,-3.176564967,2.164509479,2.794918319,2.291261185,2.672628741,2.094550891,2.680725952,2.71247465,3.369832723,-3.176564967,2.414321278,2.217153213,1.118540924,3.401707931,2.414321278,2.217153213,2.809204276,1.987578771,2.972432174,2.63112901,-3.176564967,1.792270019,2.360254056,-3.176564967,1.987578771,-3.176564967,1.920887396,-3.176564967,1.29443159,-3.176564967,-3.176564967,-3.176564967,-3.176564967,-3.176564967,3.413403971,2.123124263,-3.176564967,2.735641709,1.261641768,1.689085782,2.137110505,-3.176564967,2.003579112,2.978438198,-3.176564967,-3.176564967,1.752264684,3.244939449,2.034831656,3.345241319,-3.176564967,2.326352505,-3.176564967,1.792270019,1.54932384,1.038498216,-3.176564967,2.371303892,3.042227936,1.954788948,1.667106876,2.050099128,-3.176564967,2.53327322,1.689085782,-3.176564967,-3.176564967,2.864390692,-3.176564967,-3.176564967,2.605376514,-3.176564967,1.261641768,-3.176564967,-3.176564967,2.71247465,1.867777571,1.498030546,-3.176564967,-3.176564967,-3.176564967,-3.176564967,-3.176564967,-3.176564967,-3.176564967,-3.176564967,-3.176564967,-3.176564967,-3.176564967,2.465614572,-3.176564967,2.371303892,1.987578771,-3.176564967,1.849428432,2.435155364,-3.176564967,-3.176564967,-3.176564967,2.605376514,-3.176564967,-3.176564967,-3.176564967,-3.176564967,-3.176564967,2.569974587,-3.176564967,1.93798183,-3.176564967,-3.176564967,-3.176564967,2.750793514,-3.176564967,-3.176564967,2.63112901,0.904966824,-3.176564967,-3.176564967,-3.176564967,-3.176564967,-3.176564967,-3.176564967,-3.176564967,-3.176564967,3.409520471,3.112717814,-3.176564967,-3.176564967,1.443963324,1.54932384,-3.176564967,-3.176564967,2.094550891,2.414321278,3.240341739,1.227740216,-3.176564967,-3.176564967,-3.176564967,-3.176564967,3.217030661,2.551792268,-3.176564967,-3.176564967,-3.176564967,-3.176564967,-3.176564967,2.475564903,-3.176564967,-3.176564967,-3.176564967,-3.176564967,-3.176564967,-3.176564967,-3.176564967,-3.176564967,-3.176564967,-3.176564967,-2.15561E-12
582.T5,Letrozole,5.106509033,4.95949429,4.055570214,4.531144888,4.803078603,4.248081761,3.720214672,4.352981341,3.780839294,4.462895787,4.534611096,3.696498145,3.144850527,3.422061299,3.502913396,2.652374042,2.531746054,3.878819702,3.172249501,3.613116536,3.493157221,3.483304925,-2.463470067,3.824011465,4.314921779,-2.463470067,3.727996812,-2.463470067,2.911235676,2.605854026,3.453151886,-2.463470067,3.172249501,3.379043914,3.788165334,-2.463470067,3.550315635,-2.463470067,3.858616995,4.11520848,3.704466315,3.55953229,2.96252897,2.003678624,3.655676151,-2.463470067,2.557063862,-2.463470067,-2.463470067,-2.463470067,3.027067491,-2.463470067,-2.463470067,3.878819702,-2.463470067,2.605854026,-2.463470067,-2.463470067,3.80982683,3.955780743,2.605854026,2.505770568,-2.463470067,-2.463470067,3.367994078,3.586683279,3.11667965,2.235480238,-2.463470067,2.739385419,-2.463470067,4.003982845,2.47910232,-2.463470067,-2.463470067,4.038668403,-2.463470067,-2.463470067,-2.463470067,3.788165334,-2.463470067,3.55953229,3.595572226,2.928627418,3.334092526,3.586683279,-2.463470067,-2.463470067,-2.463470067,-2.463470067,-2.463470067,3.672205453,2.696825804,3.334092526,2.96252897,-2.463470067,4.323505523,-2.463470067,-2.463470067,-2.463470067,-2.463470067,-2.463470067,-2.463470067,2.928627418,-2.463470067,-2.463470067,-2.463470067,3.442895386,-2.463470067,-2.463470067,-2.463470067,2.739385419,-2.463470067,-2.463470067,-2.463470067,-2.463470067,-2.463470067,-2.463470067,2.423532469,-2.463470067,-2.463470067,-2.463470067,-2.463470067,-2.463470067,-2.463470067,-2.463470067,-2.463470067,-2.463470067,-2.463470067,3.198917748,-2.463470067,-2.463470067,-2.463470067,-2.463470067,-2.463470067,-2.463470067,-2.463470067,-2.463470067,-2.463470067,3.961934609,-2.463470067,-2.463470067,-2.463470067,-2.463470067,-2.463470067,-2.463470067,-2.463470067,-2.463470067,-2.463470067,3.172249501,-2.463470067,-2.463470067,-2.463470067,-2.463470067,-2.463470067,3.042571678,-2.463470067,-2.463470067,-2.463470067,4.077670561,2.200388918,-2.463470067,-2.463470067,-2.463470067,-2.463470067,-2.463470067,-2.463470067,2.531746054,-2.463470067,-2.463470067,-2.463470067,-2.463470067,3.172249501,-2.463470067,-2.463470067,3.586683279,-2.463470067,-2.463470067,-2.463470067,-2.463470067,-2.463470067,-2.463470067,-2.463470067,-2.463470067,-2.463470067,3.400783901,-2.463470067,-2.463470067,-2.463470067,-2.463470067,-2.463470067,-2.463470067,-4.39027E-12
583.T5,Letrozole,4.665717341,4.460008852,4.234805568,4.468205619,4.441316719,4.203389371,4.335257147,4.211336433,4.224442781,4.37411918,4.282613413,3.336395261,3.31075283,2.262784275,1.987372295,3.236644858,2.057989862,3.077821273,-2.844033389,-2.844033389,2.680519475,-2.844033389,-2.844033389,2.974280594,3.34270443,-2.844033389,2.946629062,-2.844033389,2.61760565,1.800160753,2.692640836,-2.844033389,1.884718141,2.795588805,3.110082135,3.229627286,2.281133413,-2.844033389,-2.844033389,-2.844033389,-2.844033389,2.52229547,3.186455114,-2.844033389,-2.844033389,-2.844033389,3.027390419,2.316851496,-2.844033389,-2.844033389,2.61760565,-2.844033389,3.466757079,-2.844033389,-2.844033389,-2.844033389,1.857319166,-2.844033389,-2.844033389,-2.844033389,2.536480105,2.577865321,-2.844033389,2.080462718,2.992299099,-2.844033389,3.125830492,3.009998676,3.141334678,-2.844033389,2.784659735,2.478492847,2.838148419,3.077821273,2.536480105,2.12394783,-2.844033389,1.911386388,-2.844033389,1.937361874,2.46345497,2.564259669,-2.844033389,2.795588805,2.946629062,-2.844033389,-2.844033389,2.448187498,-2.844033389,2.057989862,-2.844033389,2.983330429,2.868920078,-2.844033389,-2.844033389,2.011469846,-2.844033389,1.829148289,3.403698943,-2.844033389,2.878970414,-2.844033389,-2.844033389,-2.844033389,3.461186034,-2.844033389,-2.844033389,2.281133413,-2.844033389,-2.844033389,-2.844033389,-2.844033389,-2.844033389,-2.844033389,-2.844033389,-2.844033389,-2.844033389,-2.844033389,2.728147524,1.937361874,3.001188047,2.974280594,-2.844033389,2.692640836,2.400934613,-2.844033389,-2.844033389,2.784659735,2.102441624,1.857319166,3.264232815,2.316851496,3.148997551,-2.844033389,-2.844033389,-2.844033389,2.384674092,-2.844033389,-2.844033389,-2.844033389,-2.844033389,-2.844033389,-2.844033389,-2.844033389,2.185823233,-2.844033389,2.244092142,-2.844033389,-2.844033389,2.351337672,3.035974163,2.080462718,-2.844033389,-2.844033389,2.165620526,-2.844033389,2.96514811,-2.844033389,-2.844033389,3.215442651,2.262784275,-2.844033389,-2.844033389,-2.844033389,1.884718141,-2.844033389,-2.844033389,2.205625861,-2.844033389,-2.844033389,-2.844033389,-2.844033389,1.962679682,2.432683311,-2.844033389,-2.844033389,-2.844033389,-2.844033389,-2.844033389,-2.844033389,-2.844033389,-2.844033389,2.080462718,2.591288342,-2.844033389,-2.844033389,1.770307789,-2.844033389,2.384674092,-2.844033389,2.102441624,-2.844033389,-3.42837E-12
584.T5,Letrozole,2.699782267,2.481915773,1.990634745,2.310065516,2.587933967,2.317847656,2.102426151,2.176534123,1.447019298,2.270219607,2.167565453,2.520630285,2.211625443,2.576029064,2.237158745,1.827483104,2.03274623,2.294317159,1.601169978,1.979823829,1.50108652,2.04300273,2.176534123,1.864754499,2.869681304,3.092824855,2.111995602,2.781045231,1.632422522,-3.610119188,2.220209187,3.324503309,1.50108652,-3.610119188,3.390280439,1.389860884,1.775523365,2.672971009,-3.610119188,2.650992103,1.329236263,2.689143869,-3.610119188,0.676911077,-3.610119188,2.896114561,-3.610119188,1.748494693,1.264697742,2.699782267,1.888852051,1.864754499,1.647689994,1.552379814,2.514281057,2.245526995,-3.610119188,1.647689994,1.692141756,2.406795142,-3.610119188,1.329236263,2.355875052,2.475315089,-3.610119188,1.852484406,-3.610119188,-3.610119188,1.912382548,1.864754499,-3.610119188,1.801840674,-3.610119188,-3.610119188,1.370058257,2.011912143,2.011912143,2.672971009,-3.610119188,1.483386942,2.434768994,1.692141756,2.413862309,1.19570487,-3.610119188,-3.610119188,2.448467839,1.34985555,-3.610119188,-3.610119188,2.063205438,-3.610119188,1.286676648,-3.610119188,-3.610119188,2.176534123,1.616918335,-3.610119188,2.520630285,1.788768592,-3.610119188,-3.610119188,-3.610119188,-3.610119188,2.09276424,-3.610119188,-3.610119188,-3.610119188,-3.610119188,2.20296738,2.385288937,-3.610119188,2.011912143,2.494987854,2.111995602,1.171607318,-3.610119188,1.601169978,1.585169637,2.278316817,-3.610119188,-3.610119188,2.593833689,0.984395776,-3.610119188,1.762100345,2.063205438,-3.610119188,1.40927897,1.389860884,1.912382548,1.013383313,-3.610119188,2.001330034,1.013383313,1.518478262,1.242224886,1.946671621,1.888852051,-3.610119188,1.801840674,1.775523365,2.073155769,-3.610119188,2.385288937,1.888852051,-3.610119188,-3.610119188,-3.610119188,1.264697742,1.990634745,1.40927897,1.990634745,1.677542957,1.146914706,-3.610119188,-3.610119188,1.286676648,-3.610119188,-3.610119188,0.859232633,-3.610119188,1.219235367,-3.610119188,-3.610119188,1.447019298,1.92394337,-3.610119188,2.176534123,-3.610119188,-3.610119188,-3.610119188,1.92394337,-3.610119188,-3.610119188,1.50108652,-3.610119188,1.935372066,1.788768592,-3.610119188,-3.610119188,1.87687586,-3.610119188,-3.610119188,-3.610119188,-3.610119188,-3.610119188,-3.610119188,0.825331082,-3.610119188,1.308182853,-3.610119188,-1.86118E-12
585.T5,Letrozole,4.238008215,3.752500399,4.008433773,4.756496712,4.660422881,3.570178842,3.958836832,3.665489022,3.832543107,3.924350656,3.464818327,4.931155396,-1.955394571,4.055686658,3.773119686,-1.955394571,-1.955394571,4.392158895,4.581779754,4.937545194,-1.955394571,-1.955394571,5.29294544,-1.955394571,3.975643951,4.115405893,-1.955394571,4.572647271,-1.955394571,-1.955394571,-1.955394571,-1.955394571,-1.955394571,-1.955394571,-1.955394571,-1.955394571,4.793954274,3.665489022,5.441981019,4.59082959,-1.955394571,-1.955394571,-1.955394571,-1.955394571,5.107046062,3.888632574,-1.955394571,4.07095413,-1.955394571,3.73144699,-1.955394571,-1.955394571,-1.955394571,-1.955394571,3.687961878,-1.955394571,4.369935758,-1.955394571,4.822941811,5.017097825,-1.955394571,-1.955394571,3.544861034,4.413898881,-1.955394571,-1.955394571,-1.955394571,4.717581295,3.315286593,-1.955394571,-1.955394571,-1.955394571,-1.955394571,-1.955394571,3.594871455,-1.955394571,-1.955394571,4.040182472,-1.955394571,3.665489022,-1.955394571,-1.955394571,-1.955394571,-1.955394571,-1.955394571,5.164503117,-1.955394571,-1.955394571,-1.955394571,-1.955394571,-1.955394571,-1.955394571,-1.955394571,5.022962945,4.981165816,-1.955394571,-1.955394571,-1.955394571,4.040182472,3.906651079,-1.955394571,-1.955394571,-1.955394571,-1.955394571,3.518885548,-1.955394571,-1.955394571,3.924350656,-1.955394571,-1.955394571,-1.955394571,5.112408005,-1.955394571,3.28249677,3.906651079,-1.955394571,-1.955394571,-1.955394571,-1.955394571,-1.955394571,-1.955394571,-1.955394571,-1.955394571,4.626231517,-1.955394571,-1.955394571,-1.955394571,-1.955394571,-1.955394571,-1.955394571,-1.955394571,3.665489022,-1.955394571,-1.955394571,-1.955394571,-1.955394571,-1.955394571,4.793954274,4.993287177,-1.955394571,-1.955394571,5.022962945,-1.955394571,-1.955394571,-1.955394571,4.347207507,-1.955394571,-1.955394571,-1.955394571,-1.955394571,-1.955394571,-1.955394571,-1.955394571,-1.955394571,-1.955394571,-1.955394571,-1.955394571,-1.955394571,4.717581295,-1.955394571,-1.955394571,-1.955394571,-1.955394571,-1.955394571,-1.955394571,-1.955394571,-1.955394571,-1.955394571,4.999293201,4.563430615,-1.955394571,-1.955394571,-1.955394571,4.581779754,-1.955394571,-1.955394571,-1.955394571,-1.955394571,-1.955394571,-1.955394571,-1.955394571,-1.955394571,-1.955394571,-1.955394571,-1.955394571,-1.955394571,-1.955394571,-1.955394571,-1.955394571,-1.955394571,-1.955394571,-1.955394571,-4.25482E-12
586.T5,Letrozole,4.764655497,4.512254112,4.02347832,4.275974083,4.398337979,4.182934052,3.859080279,4.17153142,3.699691243,4.286251666,4.222939386,3.536306887,3.41200917,2.384348617,2.559797295,2.881380919,1.855089292,-2.855694646,2.384348617,2.856063111,3.070622919,3.361747335,3.440996707,-2.855694646,1.922530573,3.124327098,3.175293541,2.847479367,-2.855694646,2.838821305,-2.855694646,-2.855694646,-2.855694646,2.922202914,3.469167584,-2.855694646,-2.855694646,2.39795427,-2.855694646,1.965090187,-2.855694646,-2.855694646,3.377092905,-2.855694646,-2.855694646,2.626488669,2.897910221,2.488338331,-2.855694646,2.463337029,1.855089292,3.10452447,-2.855694646,3.314245001,2.475915811,-2.855694646,2.930171083,-2.855694646,1.590396738,2.384348617,2.41137729,1.944036778,-2.855694646,-2.855694646,3.264373171,-2.855694646,3.264373171,2.94591944,-2.855694646,-2.855694646,2.897910221,3.392206543,2.154332187,1.944036778,-2.855694646,2.500608424,2.424622517,2.953701581,3.47378653,2.188233739,2.488338331,2.082873223,2.188233739,1.807461243,3.324997793,-2.855694646,-2.855694646,-2.855694646,-2.855694646,-2.855694646,-2.855694646,3.028363109,-2.855694646,-2.855694646,-2.855694646,2.136940444,-2.855694646,-2.855694646,3.028363109,-2.855694646,2.738280075,-2.855694646,2.512729784,2.889679722,-2.855694646,-2.855694646,-2.855694646,1.78276863,2.889679722,-2.855694646,2.785237059,-2.855694646,-2.855694646,-2.855694646,-2.855694646,2.889679722,1.78276863,-2.855694646,2.39795427,-2.855694646,2.450598003,3.035531599,-2.855694646,-2.855694646,-2.855694646,-2.855694646,1.590396738,2.678856655,-2.855694646,3.097835482,2.953701581,2.082873223,-2.855694646,3.211882989,-2.855694646,-2.855694646,1.900551666,-2.855694646,-2.855694646,-2.855694646,-2.855694646,2.06418109,-2.855694646,-2.855694646,2.830087625,-2.855694646,-2.855694646,-2.855694646,-2.855694646,2.668600155,2.39795427,-2.855694646,3.137314293,-2.855694646,-2.855694646,2.283543918,2.864573801,-2.855694646,-2.855694646,-2.855694646,2.384348617,-2.855694646,-2.855694646,-2.855694646,-2.855694646,-2.855694646,-2.855694646,2.025714809,2.101222362,-2.855694646,-2.855694646,-2.855694646,-2.855694646,-2.855694646,-2.855694646,-2.855694646,1.944036778,1.495086558,-2.855694646,2.9690865,-2.855694646,-2.855694646,-2.855694646,-2.855694646,-2.855694646,-2.855694646,-2.855694646,2.298581796,-2.855694646,-2.855694646,-2.855694646,-2.855694646,-2.48956E-12
588.T5,Co-P,4.083747477,3.972521841,3.463532765,3.744310323,3.817758229,3.603161738,3.089672997,3.463532765,3.166634038,3.618993203,3.534358818,2.704010516,2.477593639,2.971889961,2.767322795,2.227449486,2.248283573,2.615215017,2.092413202,-3.186448258,1.878265214,2.578847373,3.935064279,2.7298184,2.392071466,2.849722327,2.533384999,2.541107045,2.517759681,-3.186448258,2.184432101,3.416575782,2.622332485,1.977637688,2.525602858,1.698924285,2.941430754,2.517759681,2.877579282,2.055599229,2.248283573,2.116223851,2.723428602,-3.186448258,-3.186448258,2.578847373,2.400960413,2.477593639,2.461064337,2.327532945,2.278742781,1.544773605,2.477593639,-3.186448258,1.863227337,2.910014557,-3.186448258,-3.186448258,2.298545408,-3.186448258,-3.186448258,1.624816313,1.662556641,2.58622748,2.337011689,-3.186448258,2.248283573,2.392071466,3.548503325,2.268692445,2.116223851,2.779518068,2.46936314,-3.186448258,-3.186448258,2.461064337,-3.186448258,1.751110038,-3.186448258,1.784446459,1.816707321,2.578847373,2.139480713,2.525602858,2.48575695,-3.186448258,1.832455678,2.477593639,1.767917157,-3.186448258,-3.186448258,2.195361172,2.206172088,-3.186448258,2.227449486,-3.186448258,-3.186448258,-3.186448258,2.116223851,-3.186448258,2.055599229,-3.186448258,2.821067071,-3.186448258,1.544773605,-3.186448258,-3.186448258,-3.186448258,-3.186448258,2.068021749,1.991060708,-3.186448258,1.337134241,1.816707321,1.751110038,-3.186448258,2.615215017,-3.186448258,1.816707321,-3.186448258,1.68090578,2.150909409,-3.186448258,-3.186448258,-3.186448258,3.260821253,1.565392893,1.964032036,2.162208964,1.480235084,1.922067837,-3.186448258,1.544773605,-3.186448258,-3.186448258,-3.186448258,-3.186448258,-3.186448258,-3.186448258,2.383102796,1.565392893,-3.186448258,2.773439022,-3.186448258,-3.186448258,-3.186448258,-3.186448258,-3.186448258,-3.186448258,2.444257219,2.971889961,-3.186448258,-3.186448258,-3.186448258,-3.186448258,-3.186448258,1.922067837,-3.186448258,-3.186448258,-3.186448258,-3.186448258,-3.186448258,1.964032036,-3.186448258,-3.186448258,-3.186448258,3.1374044,-3.186448258,-3.186448258,-3.186448258,-3.186448258,-3.186448258,-3.186448258,2.227449486,-3.186448258,-3.186448258,-3.186448258,2.043020447,-3.186448258,2.346401429,-3.186448258,-3.186448258,-3.186448258,-3.186448258,-3.186448258,-3.186448258,-3.186448258,-3.186448258,-3.186448258,1.605398227,-3.186448258,-3.186448258,-3.2605E-12
589.T5,Co-L,-2.705916834,-2.705916834,-2.705916834,-2.705916834,-2.705916834,-2.705916834,-2.705916834,-2.705916834,-2.705916834,-2.705916834,-2.705916834,3.12468457,3.249247292,3.536929365,3.509530391,3.18410799,3.258215962,3.050576598,3.249247292,3.556996928,2.909164943,3.414914414,-2.705916834,3.375998998,3.550352385,4.216470893,3.351901446,4.069146179,2.510009005,-2.705916834,2.582768359,4.553432247,3.104065282,3.509530391,3.249247292,2.921743726,3.645662565,3.608621293,-2.705916834,3.474191024,3.258215962,3.495544149,3.627313426,-2.705916834,-2.705916834,3.81783175,3.310401715,3.872435884,3.203156185,3.693008686,2.389864693,2.528701138,3.028353461,-2.705916834,3.258215962,-2.705916834,-2.705916834,3.721500641,2.617254535,-2.705916834,-2.705916834,-2.705916834,3.212545925,-2.705916834,3.104065282,4.326614472,3.18410799,3.164689904,2.600160102,3.093593983,2.982368348,3.516450833,-2.705916834,-2.705916834,2.714104361,-2.705916834,3.072316584,2.802396968,-2.705916834,4.279510003,-2.705916834,3.050576598,3.621121456,-2.705916834,3.399529495,-2.705916834,-2.705916834,3.240197457,2.788212333,-2.705916834,-2.705916834,3.028353461,4.084894535,-2.705916834,-2.705916834,3.760072916,3.85292307,-2.705916834,-2.705916834,-2.705916834,2.994064387,-2.705916834,3.193677441,-2.705916834,-2.705916834,-2.705916834,-2.705916834,-2.705916834,-2.705916834,2.698600174,3.212545925,-2.705916834,-2.705916834,-2.705916834,3.174446079,-2.705916834,-2.705916834,-2.705916834,-2.705916834,1.907012921,2.547050276,2.74440971,-2.705916834,-2.705916834,-2.705916834,3.651704879,-2.705916834,2.451740096,3.301891026,-2.705916834,-2.705916834,-2.705916834,2.714104361,-2.705916834,-2.705916834,-2.705916834,3.275915539,-2.705916834,-2.705916834,3.951363143,-2.705916834,3.028353461,3.221848318,-2.705916834,3.093593983,3.072316584,-2.705916834,-2.705916834,-2.705916834,2.547050276,-2.705916834,-2.705916834,3.399529495,-2.705916834,-2.705916834,-2.705916834,2.49096081,2.005452994,2.650590955,-2.705916834,-2.705916834,-2.705916834,-2.705916834,-2.705916834,-2.705916834,-2.705916834,2.389864693,2.883522513,2.346379581,-2.705916834,-2.705916834,-2.705916834,-2.705916834,-2.705916834,-2.705916834,-2.705916834,-2.705916834,-2.705916834,-2.705916834,-2.705916834,-2.705916834,-2.705916834,-2.705916834,-2.705916834,-2.705916834,-2.705916834,-2.705916834,-2.705916834,-2.705916834,-2.705916834,-2.705916834,-2.705916834,-4.20641E-12
590.T5,Co-P,3.581056621,3.52558954,3.400172879,3.559237574,3.619862196,3.458767044,3.21093088,3.168371265,2.970715345,3.21093088,2.93016925,3.100929985,2.749226053,2.671934379,2.558605694,2.757456552,2.568556025,2.902195398,2.030972952,-3.213119584,-3.213119584,-3.213119584,3.112490807,2.407782804,-3.213119584,2.20193075,2.797622594,2.030972952,2.781749245,2.158128127,2.93016925,2.310144334,3.502511593,-3.213119584,2.517783699,1.803583109,2.83623743,2.970715345,2.662965709,3.256740416,2.14309025,2.789717415,2.372276116,-3.213119584,-3.213119584,2.080569893,2.430772322,-3.213119584,-3.213119584,1.88526114,2.698367636,1.616997154,-3.213119584,2.080569893,2.635566735,-3.213119584,-3.213119584,-3.213119584,-3.213119584,-3.213119584,2.964070802,2.578408321,-3.213119584,1.56435342,2.475224085,-3.213119584,2.698367636,2.49673029,2.486035001,2.662965709,2.528146486,2.828632831,-3.213119584,2.943868095,2.568556025,1.737625142,2.773717073,-3.213119584,2.360154755,3.016030541,-3.213119584,2.096570234,-3.213119584,-3.213119584,2.64478339,-3.213119584,-3.213119584,2.517783699,-3.213119584,-3.213119584,-3.213119584,2.486035001,1.942419554,-3.213119584,-3.213119584,-3.213119584,2.384252307,-3.213119584,-3.213119584,2.64478339,2.528146486,-3.213119584,-3.213119584,-3.213119584,-3.213119584,1.56435342,1.714635623,-3.213119584,-3.213119584,-3.213119584,-3.213119584,-3.213119584,-3.213119584,-3.213119584,1.760097998,-3.213119584,2.99038811,-3.213119584,1.760097998,-3.213119584,2.112318591,1.978787198,1.56435342,1.285640018,-3.213119584,2.347884662,-3.213119584,2.112318591,2.626264342,2.442071877,-3.213119584,2.724120132,2.32288336,2.588164496,1.249272374,-3.213119584,1.667007574,-3.213119584,-3.213119584,-3.213119584,1.996486776,-3.213119584,3.351598209,2.820969958,-3.213119584,1.803583109,-3.213119584,-3.213119584,-3.213119584,1.387422712,-3.213119584,-3.213119584,-3.213119584,-3.213119584,2.112318591,2.335462142,2.030972952,-3.213119584,1.508783569,-3.213119584,1.667007574,-3.213119584,1.419171411,-3.213119584,-3.213119584,1.642314962,-3.213119584,2.464295014,-3.213119584,2.83623743,3.123919503,2.04778007,2.347884662,-3.213119584,-3.213119584,1.536954446,-3.213119584,-3.213119584,-3.213119584,3.089233945,1.387422712,-3.213119584,-3.213119584,-3.213119584,-3.213119584,-3.213119584,-3.213119584,-3.213119584,2.662965709,-3.213119584,1.387422712,-3.213119584,-1.93534E-12
591.T5,Co-L,3.150386018,3.325738906,3.16691532,2.895493769,3.207081362,3.063374641,2.947861754,3.063374641,2.84023109,2.947861754,2.817241572,2.958014126,3.045025503,2.997623264,2.817241572,2.611389518,2.916771167,2.916771167,2.793711074,-3.134894474,1.828630178,-3.134894474,-3.134894474,2.333186189,2.314137994,2.567586895,3.175078631,-3.134894474,2.997623264,1.973812188,2.958014126,3.577830033,-3.134894474,3.142017769,2.851530645,2.234095287,3.045025503,3.51618587,3.21492454,2.653353717,2.423337286,2.274917281,2.895493769,-3.134894474,-3.134894474,-3.134894474,2.552549018,2.457238838,3.539044008,-3.134894474,2.968064462,2.234095287,-3.134894474,-3.134894474,2.254714574,-3.134894474,2.274917281,-3.134894474,-3.134894474,2.987867089,-3.134894474,-3.134894474,2.191535672,2.351878322,2.639560395,-3.134894474,2.997623264,2.75734343,2.234095287,2.75734343,2.625574153,2.719603102,1.79688148,3.260734076,2.884682853,-3.134894474,2.388245966,2.294719908,-3.134894474,1.8892548,2.781734883,2.873753782,-3.134894474,2.552549018,2.895493769,-3.134894474,2.370227461,2.719603102,2.274917281,-3.134894474,2.000480435,2.680382389,-3.134894474,-3.134894474,-3.134894474,-3.134894474,2.314137994,-3.134894474,2.47376814,-3.134894474,2.47376814,-3.134894474,-3.134894474,-3.134894474,2.076466342,-3.134894474,-3.134894474,2.457238838,3.425489309,-3.134894474,-3.134894474,-3.134894474,2.862703946,2.14708391,-3.134894474,-3.134894474,-3.134894474,-3.134894474,1.695098786,2.14708391,2.457238838,2.625574153,3.045025503,-3.134894474,2.873753782,2.506029002,2.625574153,2.457238838,-3.134894474,-3.134894474,-3.134894474,2.490028661,2.405945543,-3.134894474,-3.134894474,-3.134894474,-3.134894474,-3.134894474,2.213041877,-3.134894474,-3.134894474,-3.134894474,-3.134894474,-3.134894474,2.351878322,2.423337286,2.05177373,-3.134894474,-3.134894474,-3.134894474,-3.134894474,2.552549018,-3.134894474,-3.134894474,1.918242337,-3.134894474,2.44043172,-3.134894474,-3.134894474,2.916771167,-3.134894474,-3.134894474,2.862703946,-3.134894474,-3.134894474,-3.134894474,-3.134894474,-3.134894474,-3.134894474,-3.134894474,-3.134894474,-3.134894474,-3.134894474,2.333186189,-3.134894474,-3.134894474,-3.134894474,2.294719908,-3.134894474,-3.134894474,2.769613523,-3.134894474,2.567586895,2.719603102,-3.134894474,-3.134894474,-3.134894474,-3.134894474,-3.134894474,-3.134894474,3.230428726,-3.134894474,-2.41629E-12
592.T5,Co-P,3.652237753,3.577860783,3.216601767,3.245898137,3.378444793,3.266678105,3.134981239,3.302035323,3.120209921,3.336184983,3.219300824,2.796160205,2.654956895,2.659685036,2.523454587,2.444762318,2.155129025,2.402965189,1.593558203,-3.661096075,1.76900688,2.082222255,-3.661096075,1.397443324,1.607163855,1.507791381,2.378272577,1.659807588,2.073783386,-3.661096075,2.115283117,-3.661096075,1.975927596,1.57976488,1.975927596,1.430233147,1.846393544,1.04076838,-3.661096075,2.178296085,1.685125396,2.115283117,2.012628963,-3.661096075,-3.661096075,1.446233488,2.012628963,-3.661096075,1.646904183,1.659807588,2.155129025,1.131740158,1.593558203,2.346523878,1.633832102,-3.661096075,-3.661096075,-3.661096075,1.975927596,1.461981845,1.215121767,1.328450452,1.430233147,1.19491906,1.824887339,-3.661096075,1.802908432,1.397443324,2.293531348,1.659807588,1.791735131,1.73391556,0.768834664,-3.661096075,1.856975653,-3.661096075,1.697547916,1.380636205,-3.661096075,1.397443324,-3.661096075,1.292082808,1.413972626,0.914016674,1.721939369,-3.661096075,1.446233488,1.780435576,1.153246363,-3.661096075,-3.661096075,1.835698255,1.153246363,-3.661096075,-3.661096075,-3.661096075,-3.661096075,2.340051364,0.829459286,1.234924394,1.537205266,-3.661096075,0.914016674,-3.661096075,1.19491906,-3.661096075,0.394141215,-3.661096075,-3.661096075,-3.661096075,1.153246363,-3.661096075,0.799606323,1.537205266,1.446233488,1.721939369,-3.661096075,-3.661096075,1.087288395,0.991978216,1.328450452,1.492753503,1.73391556,1.273390675,2.200938561,1.565778639,-3.661096075,1.57976488,1.88806624,0.991978216,1.846393544,0.598935627,1.397443324,1.593558203,-3.661096075,2.390695097,1.346150029,-3.661096075,-3.661096075,1.109761251,1.016670828,2.340051364,1.215121767,0.394141215,-3.661096075,-3.661096075,1.446233488,2.258925819,0.193470519,0.704296143,-3.661096075,-3.661096075,-3.661096075,-3.661096075,1.131740158,2.073783386,1.73391556,-3.661096075,-3.661096075,0.438592977,1.016670828,-3.661096075,-3.661096075,-3.661096075,-3.661096075,0.521974586,-3.661096075,1.620586875,-3.661096075,0.247537741,1.087288395,0.768834664,1.507791381,-3.661096075,-3.661096075,1.153246363,-3.661096075,0.829459286,2.359344567,1.492753503,-3.661096075,-3.661096075,-3.661096075,-3.661096075,0.481152592,0.940684921,0.914016674,-3.661096075,0.737085966,-3.661096075,0.858446823,-3.661096075,-2.39453E-12
593.T5,Co-L,3.2255193,3.107736264,2.745946219,2.843584689,2.974204871,2.994407579,2.719970733,2.79595664,2.378221439,2.820054192,3.835974764,3.736344923,3.52503583,3.399872687,2.932532175,3.107736264,2.578892135,3.476833728,3.464411208,-2.644645958,4.329408645,3.773732455,-2.644645958,2.79595664,3.59324408,3.687554759,3.625679356,3.614984066,2.771264027,-2.644645958,3.256771843,-2.644645958,3.399872687,-2.644645958,3.59324408,2.608745098,2.994407579,2.974204871,1.567291223,3.942196978,2.745946219,3.52503583,3.176729135,-2.644645958,-2.644645958,3.241267657,3.07136862,3.972733701,2.953585584,3.014210206,3.125435841,-2.644645958,3.125435841,3.451832426,3.464411208,-2.644645958,-2.644645958,-2.644645958,3.193258437,3.878175119,-2.644645958,-2.644645958,2.719970733,2.866574207,3.330879815,-2.644645958,2.994407579,2.745946219,-2.644645958,3.052676487,3.2255193,-2.644645958,-2.644645958,-2.644645958,2.665903512,4.002365499,-2.644645958,3.386449666,-2.644645958,-2.644645958,-2.644645958,3.844558508,3.2255193,4.457662981,3.089717758,-2.644645958,2.889047063,4.059118316,4.079596847,-2.644645958,-2.644645958,2.693302486,-2.644645958,-2.644645958,-2.644645958,-2.644645958,4.132240581,-2.644645958,-2.644645958,4.863128089,3.413117914,-2.644645958,-2.644645958,3.646732765,2.665903512,-2.644645958,-2.644645958,-2.644645958,-2.644645958,-2.644645958,3.582194244,-2.644645958,-2.644645958,3.107736264,-2.644645958,2.953585584,-2.644645958,-2.644645958,3.089717758,2.771264027,-2.644645958,2.516371778,-2.644645958,-2.644645958,-2.644645958,-2.644645958,-2.644645958,-2.644645958,-2.644645958,-2.644645958,-2.644645958,-2.644645958,-2.644645958,-2.644645958,-2.644645958,-2.644645958,-2.644645958,-2.644645958,-2.644645958,-2.644645958,-2.644645958,3.894568929,-2.644645958,-2.644645958,-2.644645958,-2.644645958,-2.644645958,-2.644645958,-2.644645958,-2.644645958,-2.644645958,-2.644645958,4.318826536,-2.644645958,2.449680403,-2.644645958,-2.644645958,-2.644645958,-2.644645958,-2.644645958,-2.644645958,-2.644645958,-2.644645958,-2.644645958,-2.644645958,-2.644645958,-2.644645958,-2.644645958,-2.644645958,-2.644645958,3.107736264,-2.644645958,2.932532175,-2.644645958,-2.644645958,3.107736264,-2.644645958,-2.644645958,-2.644645958,-2.644645958,-2.644645958,-2.644645958,-2.644645958,-2.644645958,-2.644645958,-2.644645958,-2.644645958,4.176134774,-2.644645958,-2.644645958,3.142827584,-2.644645958,-3.56781E-12
594.T5,Co-P,2.845962752,2.407707821,2.10321863,2.274176428,2.600392165,2.369486608,2.051032877,2.274176428,1.9959731,2.316140628,1.9959731,2.908483109,2.660410175,3.298680745,3.113277522,2.274176428,2.55828068,2.753069005,2.395129039,-3.311464472,-3.311464472,2.590029378,-3.311464472,2.787855121,2.945662112,2.689120281,2.536540693,2.420130341,2.302347305,-3.311464472,2.536540693,-3.311464472,2.3431693,2.796365811,2.967323609,2.259787691,2.770613315,2.120025749,-3.311464472,-3.311464472,2.120025749,3.009287808,2.845962752,-3.311464472,-3.311464472,2.369486608,2.55828068,2.930955965,2.033014372,2.245188892,2.288361063,1.714560641,2.525490857,-3.311464472,2.432400434,0.916052944,-3.311464472,-3.311464472,2.18456427,2.640801703,-3.311464472,1.714560641,2.086124197,2.316140628,2.689120281,-3.311464472,2.640801703,2.845962752,2.491589305,2.590029378,2.302347305,2.707812414,2.650654,-3.311464472,2.10321863,2.744180058,2.514317556,2.568975969,-3.311464472,2.945662112,-3.311464472,1.976924905,1.896882197,-3.311464472,2.590029378,-3.311464472,2.444521794,2.813172929,-3.311464472,-3.311464472,-3.311464472,2.274176428,1.763350805,-3.311464472,-3.311464472,-3.311464472,2.3431693,-3.311464472,-3.311464472,-3.311464472,1.9959731,-3.311464472,-3.311464472,-3.311464472,1.917501485,-3.311464472,-3.311464472,-3.311464472,-3.311464472,2.908483109,2.245188892,-3.311464472,-3.311464472,2.660410175,2.829702231,2.259787691,-3.311464472,-3.311464472,1.581029248,1.937704192,2.230373806,2.3431693,2.568975969,-3.311464472,-3.311464472,-3.311464472,-3.311464472,2.32974628,2.32974628,-3.311464472,-3.311464472,-3.311464472,2.288361063,-3.311464472,-3.311464472,3.522849412,2.302347305,-3.311464472,-3.311464472,-3.311464472,2.302347305,2.821471732,2.660410175,-3.311464472,1.357885697,2.382390013,-3.311464472,-3.311464472,-3.311464472,1.763350805,1.714560641,3.029627492,2.80480468,-3.311464472,2.051032877,-3.311464472,2.356414527,2.32974628,2.288361063,-3.311464472,-3.311464472,-3.311464472,-3.311464472,-3.311464472,-3.311464472,2.717029069,2.735211388,2.369486608,2.770613315,-3.311464472,-3.311464472,-3.311464472,1.854322583,-3.311464472,-3.311464472,-3.311464472,-3.311464472,-3.311464472,2.444521794,-3.311464472,2.620801037,2.536540693,-3.311464472,-3.311464472,-3.311464472,1.976924905,-3.311464472,-3.311464472,-3.311464472,-3.311464472,-3.311464472,-3.311464472,-2.16271E-12
595.T5,Co-L,4.846763921,4.677788606,4.353065262,4.636019193,4.733051284,4.356204982,4.120442966,4.47711791,4.147841941,4.507215941,4.327586176,3.601649173,-2.732579634,2.947722705,2.734148605,1.726508095,-2.732579634,2.503036884,3.427295786,2.839509121,2.634065147,3.772797429,-2.732579634,-2.732579634,-2.732579634,2.352213994,2.228600039,2.328683497,1.958309709,2.749896962,-2.732579634,-2.732579634,-2.732579634,2.701887743,2.561305792,2.201931791,2.304585946,3.14489077,3.361698503,2.174532817,-2.732579634,-2.732579634,3.101873385,2.375203513,3.101873385,3.235404778,2.201931791,-2.732579634,-2.732579634,-2.732579634,-2.732579634,-2.732579634,2.668551323,2.765401149,-2.732579634,2.352213994,2.46221489,-2.732579634,-2.732579634,4.03775125,2.419655275,-2.732579634,-2.732579634,-2.732579634,2.228600039,-2.732579634,2.522839512,2.279893333,2.522839512,-2.732579634,2.328683497,2.795706498,2.279893333,2.561305792,-2.732579634,3.395034924,-2.732579634,-2.732579634,-2.732579634,3.726812316,2.895078972,3.206134396,-2.732579634,-2.732579634,-2.732579634,3.15536207,-2.732579634,3.165724857,3.581446466,2.304585946,3.503668765,2.46221489,-2.732579634,2.825120383,2.960461731,3.34460407,2.853693756,2.561305792,3.196184065,-2.732579634,-2.732579634,-2.732579634,-2.732579634,-2.732579634,-2.732579634,-2.732579634,-2.732579634,3.15536207,-2.732579634,2.419655275,-2.732579634,2.795706498,-2.732579634,-2.732579634,-2.732579634,3.327212327,-2.732579634,-2.732579634,2.375203513,-2.732579634,2.947722705,1.923218389,-2.732579634,1.923218389,-2.732579634,-2.732579634,-2.732579634,3.458548329,-2.732579634,-2.732579634,-2.732579634,2.46221489,2.117374403,-2.732579634,-2.732579634,-2.732579634,-2.732579634,-2.732579634,-2.732579634,-2.732579634,1.809889704,2.117374403,-2.732579634,-2.732579634,-2.732579634,-2.732579634,-2.732579634,-2.732579634,-2.732579634,2.056749782,-2.732579634,3.196184065,2.201931791,-2.732579634,-2.732579634,-2.732579634,2.254575525,2.668551323,-2.732579634,3.370137372,-2.732579634,-2.732579634,-2.732579634,-2.732579634,-2.732579634,-2.732579634,-2.732579634,-2.732579634,2.117374403,-2.732579634,-2.732579634,-2.732579634,2.960461731,-2.732579634,-2.732579634,-2.732579634,-2.732579634,-2.732579634,1.958309709,-2.732579634,-2.732579634,-2.732579634,-2.732579634,-2.732579634,2.934819301,1.923218389,3.175981357,-2.732579634,-2.732579634,-2.732579634,2.056749782,-2.732579634,-2.30482E-12
596.T5,Co-P,3.142642958,3.095546274,2.466302896,2.521872747,2.795949167,2.521872747,1.931379721,2.317692396,2.067955256,2.466302896,2.624526901,2.67215495,2.437315359,2.427463063,2.306581171,2.024470144,1.724365551,1.59653218,1.662490147,-3.788303804,2.243159345,2.053669298,1.7920242,1.714315215,2.397310024,2.608133091,1.630054872,2.422500273,1.753924353,2.19436918,1.33870307,-3.788303804,1.92321641,-3.788303804,1.734315882,1.089487279,2.143075886,2.136475202,-3.788303804,0.947836762,1.35330187,2.04644905,1.423260458,-3.788303804,1.179638376,2.387053524,1.550012164,1.782634459,1.651794858,2.149633287,1.395861484,0.947836762,1.525914612,2.517358067,2.317692396,-3.788303804,-3.788303804,-3.788303804,2.212945566,1.714315215,-3.788303804,2.039176291,1.724365551,1.828725567,1.51364452,1.35330187,1.573542661,1.409654806,1.837694236,1.773155715,1.651794858,1.8813693,-3.788303804,0.702714304,-3.788303804,2.451914158,1.538035973,2.001997288,1.947509102,1.367690607,-3.788303804,1.293582635,1.963382452,1.162246633,1.538035973,-3.788303804,1.607831735,1.704162844,-3.788303804,-3.788303804,0.64555589,1.24632975,-3.788303804,-3.788303804,-3.788303804,1.488643218,1.651794858,1.051020998,1.97900777,-3.788303804,0.990396376,-3.788303804,-3.788303804,-3.788303804,1.179638376,-3.788303804,-3.788303804,1.88987999,-3.788303804,2.306581171,1.573542661,-3.788303804,0.486491195,1.693906344,1.367690607,-3.788303804,-3.788303804,-3.788303804,-3.788303804,1.011015663,0.584931268,1.33870307,1.810543247,-3.788303804,1.488643218,1.683543557,-3.788303804,0.702714304,1.662490147,-3.788303804,1.12652855,1.488643218,1.278078449,1.773155715,-3.788303804,-3.788303804,0.615702927,2.317692396,-3.788303804,-3.788303804,1.773155715,2.260858922,1.963382452,1.12652855,1.230069229,1.179638376,1.488643218,-3.788303804,-3.788303804,-3.788303804,1.24632975,-3.788303804,2.376690737,-3.788303804,-3.788303804,1.488643218,0.808074819,1.704162844,0.808074819,0.756781525,-3.788303804,-3.788303804,0.756781525,-3.788303804,-3.788303804,1.12652855,2.102801987,1.070439084,2.116407639,-3.788303804,1.031218371,-3.788303804,-3.788303804,0.832767432,-3.788303804,1.24632975,1.262330092,-3.788303804,1.828725567,1.381875242,-3.788303804,1.864127494,1.179638376,-3.788303804,-3.788303804,1.436683479,-3.788303804,1.734315882,0.947836762,-3.788303804,-3.788303804,-3.788303804,-5.8531E-13
597.T5,Co-L,3.005762147,3.253213533,3.60470264,3.424804487,3.135738331,3.388897779,3.884118404,3.41856097,3.63710104,3.11332843,2.744028598,2.017544997,2.129662296,1.324397817,1.811208564,2.608152539,2.106672777,1.389995099,-3.579915257,0.984529991,1.217152287,0.935739827,-3.579915257,1.198104092,1.307303384,1.701207669,1.616308225,1.6035692,1.938208255,1.23584442,1.537319814,-3.579915257,-3.579915257,1.495355615,1.138680671,1.23584442,-3.579915257,1.947340739,-3.579915257,-3.579915257,0.935739827,-3.579915257,1.178686006,1.23584442,-3.579915257,1.665700981,1.701207669,1.6035692,2.159515259,1.891251272,1.641309528,1.480966878,-3.579915257,-3.579915257,-3.579915257,1.031050007,1.178686006,-3.579915257,1.357734237,-3.579915257,1.9289916,-3.579915257,2.346726801,1.677677172,1.550925466,-3.579915257,1.451552992,1.852030559,-3.579915257,-3.579915257,2.188502796,2.584398453,2.152135151,1.272212064,2.202687431,-3.579915257,1.871833186,1.466368078,-3.579915257,-3.579915257,-3.579915257,-3.579915257,2.000450564,1.198104092,1.701207669,-3.579915257,1.405743456,-3.579915257,1.628887008,1.65357962,2.913287061,1.790155155,-3.579915257,-3.579915257,2.174114058,1.919689207,-3.579915257,1.118061384,-3.579915257,-3.579915257,2.025983866,-3.579915257,-3.579915257,-3.579915257,2.114394823,-3.579915257,-3.579915257,1.871833186,3.075805991,1.436515115,1.891251272,-3.579915257,1.097007975,1.217152287,2.467216198,1.746670043,-3.579915257,-3.579915257,-3.579915257,1.956390574,2.283812975,1.910299467,1.712768492,2.622138781,2.209705003,1.480966878,-3.579915257,2.122057696,-3.579915257,-3.579915257,2.315764575,1.811208564,2.283812975,1.254193558,-3.579915257,-3.579915257,1.537319814,-3.579915257,1.389995099,-3.579915257,1.158883378,1.564348487,1.50954025,2.034352116,2.017544997,2.159515259,1.254193558,-3.579915257,-3.579915257,-3.579915257,-3.579915257,2.483302336,1.053522863,2.370824352,-3.579915257,0.743367934,1.841980223,1.871833186,-3.579915257,0.910422019,1.198104092,-3.579915257,-3.579915257,-3.579915257,-3.579915257,1.254193558,1.389995099,1.495355615,1.289911641,-3.579915257,-3.579915257,-3.579915257,-3.579915257,2.159515259,1.800737265,1.523526492,0.96043244,2.417344368,1.6035692,1.138680671,2.26414021,1.724197188,1.900820723,1.590665795,-3.579915257,1.178686006,1.523526492,-3.579915257,1.272212064,-3.579915257,-3.579915257,-3.579915257,-8.92619E-13
598.T5,Co-P,3.60475723,3.873710318,4.227096277,3.986505812,3.592969275,3.701486857,4.080603135,3.672707892,3.846477167,3.317075158,2.871764141,2.513927082,2.613456678,-2.917106127,3.153329987,3.083460307,2.623927977,-2.917106127,1.930780797,-2.917106127,2.548216156,-2.917106127,-2.917106127,2.634290764,2.855370332,3.183543765,2.390313126,3.544376719,2.795778234,-2.917106127,2.855370332,-2.917106127,-2.917106127,2.17045365,1.426875616,3.029393086,2.466299033,3.585032725,-2.917106127,2.694308774,-2.917106127,-2.917106127,2.010823505,-2.917106127,-2.917106127,3.290688403,2.0298717,-2.917106127,3.786427534,3.457742488,2.972234672,2.957419586,-2.917106127,-2.917106127,3.252536637,-2.917106127,-2.917106127,-2.917106127,-2.917106127,-2.917106127,2.13711723,-2.917106127,3.5191653,3.201243342,1.797249404,-2.917106127,2.336245905,1.930780797,-2.917106127,2.186714171,2.322259663,3.372785765,2.153924348,-2.917106127,2.279087491,-2.917106127,2.664749972,2.887893523,-2.917106127,2.664749972,-2.917106127,2.570439293,3.852593394,-2.917106127,2.17045365,-2.917106127,3.090017707,2.949928914,2.634290764,3.85867244,-2.917106127,1.991405419,1.49356699,-2.917106127,2.513927082,1.991405419,-2.917106127,-2.917106127,-2.917106127,4.099834497,2.363644879,-2.917106127,-2.917106127,-2.917106127,3.352884611,-2.917106127,-2.917106127,2.838703279,3.274515544,2.264272405,3.367847483,-2.917106127,-2.917106127,2.623927977,3.665381852,-2.917106127,-2.917106127,-2.917106127,2.13711723,3.076859623,2.264272405,1.930780797,-2.917106127,-2.917106127,-2.917106127,-2.917106127,-2.917106127,1.556087347,-2.917106127,-2.917106127,-2.917106127,-2.917106127,2.466299033,-2.917106127,-2.917106127,-2.917106127,2.0298717,-2.917106127,3.425555801,-2.917106127,-2.917106127,2.942381709,2.186714171,-2.917106127,-2.917106127,-2.917106127,-2.917106127,-2.917106127,-2.917106127,3.392298579,-2.917106127,-2.917106127,2.441606421,-2.917106127,-2.917106127,2.490396585,1.556087347,3.201243342,-2.917106127,-2.917106127,3.235729519,-2.917106127,-2.917106127,-2.917106127,-2.917106127,-2.917106127,2.786967605,-2.917106127,2.363644879,-2.917106127,-2.917106127,-2.917106127,-2.917106127,-2.917106127,-2.917106127,-2.917106127,2.363644879,-2.917106127,2.750927668,2.674700303,2.441606421,3.001222209,-2.917106127,-2.917106127,-2.917106127,-2.917106127,-2.917106127,2.102631054,2.336245905,-2.917106127,-2.917106127,-2.917106127,-2.73292E-12
599.T5,Co-L,3.275733398,3.376538097,3.46810529,3.381093913,3.308034342,3.429884077,3.332190106,3.218574984,3.325004447,3.093411841,2.957279667,2.22879312,2.304954481,1.421453571,1.688768341,2.587624011,1.556999063,1.45320227,1.625052527,1.869030165,-3.549154266,1.165520197,-3.549154266,1.929048175,2.22879312,2.696996568,1.688768341,2.799650722,1.816107763,-3.549154266,1.736970443,-3.549154266,-3.549154266,1.165520197,1.283303233,1.748666483,1.957758281,2.723664815,-3.549154266,1.748666483,1.499011806,-3.549154266,-3.549154266,-3.549154266,-3.549154266,2.514675011,-3.549154266,-3.549154266,1.570985305,2.72804119,1.584778628,2.003849388,1.889439037,-3.549154266,2.298265492,-3.549154266,-3.549154266,1.144466788,1.957758281,-3.549154266,1.206342192,1.206342192,2.311599023,2.199593965,2.29153146,-3.549154266,1.165520197,0.931905346,2.030517635,2.130601093,2.418283166,2.012818058,0.957880833,1.07850882,1.499011806,0.820679711,1.37185663,2.030517635,-3.549154266,-3.549154266,1.938710086,1.388663749,2.925530968,-3.549154266,1.701038434,-3.549154266,2.22879312,1.468706456,1.736970443,2.52006586,-3.549154266,0.957880833,-3.549154266,-3.549154266,-3.549154266,1.584778628,1.748666483,-3.549154266,1.760227305,3.33695202,-3.549154266,2.441813663,-3.549154266,-3.549154266,2.453374486,-3.549154266,0.790826748,2.098340231,-3.549154266,1.899489372,2.636653438,-3.549154266,1.879286665,1.938710086,2.839496631,1.165520197,-3.549154266,-3.549154266,0.957880833,1.957758281,1.007891253,-3.549154266,-3.549154266,1.07850882,1.421453571,1.206342192,1.663767039,2.271052929,2.607525165,-3.549154266,-3.549154266,0.38536164,1.245562905,1.513826892,2.412312999,-3.549154266,1.45320227,-3.549154266,1.948279537,-3.549154266,-3.549154266,1.405193051,1.421453571,-3.549154266,-3.549154266,0.661615016,-3.549154266,-3.549154266,-3.549154266,1.245562905,-3.549154266,-3.549154266,1.513826892,-3.549154266,1.337370454,1.513826892,-3.549154266,1.651028013,-3.549154266,-3.549154266,-3.549154266,-3.549154266,2.52006586,-3.549154266,-3.549154266,-3.549154266,1.337370454,1.337370454,1.437453913,-3.549154266,0.849667248,2.090109732,-3.549154266,1.165520197,-3.549154266,1.421453571,1.405193051,1.570985305,1.556999063,-3.549154266,0.931905346,1.919292,-3.549154266,0.760055089,1.031988805,2.22879312,1.437453913,1.283303233,-3.549154266,2.192158986,-3.549154266,-3.549154266,-1.49658E-12